id,presetId,themeId,seed,patternIntensity,circuitIntensity,accentIntensity,markScale,markStrokeWidth,markGlow,patternDensity,patternTileSize,circuitDensity,renderTimeMs,elementCount,validationValid,dominance,contrast,complexity,whitespace,symmetry,overall
banner-emerald-0011,banner,emerald,823137610,0.6377,0.7893,0.9241,1.1905,18.9117,0.6665,0.7512,116.0049,0.3465,0.00,354,1,0.0000,1.0000,0.9250,1.0000,0.8000,0.7150
banner-emerald-0023,banner,emerald,845099836,0.2218,0.4173,0.7001,1.5607,18.5274,0.1527,1.3204,46.2039,0.7209,0.00,665,1,0.5207,1.0000,0.4913,1.0000,0.8000,0.7584
banner-emerald-0028,banner,emerald,22335916,0.6531,0.7335,0.0171,1.4273,12.9332,0.4507,0.8156,79.6809,0.6262,0.00,632,1,0.0000,1.0000,0.5415,0.9451,0.8000,0.6273
banner-emerald-0036,banner,emerald,885577167,0.8603,0.0188,0.0397,0.6616,7.7953,0.1286,1.2677,109.3156,0.3359,0.00,182,1,0.3407,1.0000,0.9989,1.0000,0.8000,0.8150
banner-emerald-0040,banner,emerald,44298142,0.2371,0.2471,0.9258,1.8213,22.3433,0.1603,0.6131,92.0359,0.2813,0.00,764,1,0.6369,1.0000,0.3515,1.0000,0.8000,0.7595
banner-emerald-0045,banner,emerald,221534222,0.6684,0.8996,0.1050,1.7384,19.1889,0.0178,0.7845,39.0911,0.7708,0.00,2288,1,0.0000,1.0000,0.0000,0.0000,0.8000,0.3300
banner-emerald-0073,banner,emerald,107215192,0.5679,0.8709,0.5979,1.1004,39.4013,0.4954,1.3063,89.3366,0.3710,0.00,240,1,0.0000,1.0000,0.9948,1.0000,0.8000,0.7290
banner-emerald-0090,banner,emerald,306413497,0.0694,0.6420,0.9553,1.9857,36.7461,0.5207,0.5226,111.3269,0.2852,0.00,732,1,0.4665,1.0000,0.3944,1.0000,0.8000,0.7255
banner-emerald-0107,banner,emerald,505611806,0.1956,0.4200,0.4354,1.0640,25.7441,0.2648,0.6285,71.3545,0.7103,0.00,1141,1,0.5383,1.0000,0.5737,0.7696,0.8000,0.7332
banner-emerald-0111,banner,emerald,664332776,0.4615,0.3762,0.3870,1.4078,36.3823,0.2951,0.8468,104.8959,0.7992,0.00,378,1,0.3717,1.0000,0.9011,1.0000,0.8000,0.8031
banner-emerald-0124,banner,emerald,704810112,0.2109,0.2497,0.6611,1.3247,29.5600,0.2723,1.1212,117.1865,0.1919,0.00,181,1,0.6545,1.0000,0.9988,0.6375,0.8000,0.8209
banner-emerald-0128,banner,emerald,863531082,0.4768,0.2060,0.6126,1.4994,14.5603,0.2450,0.9248,81.6603,0.5894,0.00,470,1,0.4879,1.0000,0.7869,1.0000,0.8000,0.8094
banner-emerald-0145,banner,emerald,62729388,0.4922,0.2611,0.9777,0.6451,19.9745,0.5363,0.8717,68.7972,0.2469,0.00,689,1,0.4351,1.0000,0.4556,1.0000,0.8000,0.7299
banner-emerald-0162,banner,emerald,261927693,0.5075,0.3162,0.7936,0.7163,45.5462,0.0195,0.7755,88.2939,0.5649,0.00,569,1,0.3822,1.0000,0.6392,1.0000,0.8000,0.7534
banner-emerald-0179,banner,emerald,461125999,0.5228,0.5967,0.7489,1.0035,47.0783,0.7092,1.0862,33.2364,0.1116,0.00,1694,1,0.1603,1.0000,0.0000,0.0000,0.8000,0.3701
banner-emerald-0196,banner,emerald,660324275,0.6508,0.9962,0.0465,1.6135,9.7192,0.1687,0.5487,46.9217,0.3800,0.00,3138,1,0.0000,1.0000,0.0000,0.0000,0.8000,0.3300
banner-emerald-0207,banner,emerald,121441155,0.6546,0.0473,0.0813,0.8381,28.7939,0.0350,0.5789,97.7688,0.1030,0.00,741,1,0.4736,1.0000,0.3821,1.0000,0.8000,0.7248
banner-emerald-0224,banner,emerald,320639461,0.6699,0.1024,0.8972,0.9093,19.5071,0.7003,0.8474,94.5621,0.7602,0.00,430,1,0.4208,1.0000,0.8404,1.0000,0.8000,0.8033
banner-emerald-0241,banner,emerald,519837766,0.6852,0.3829,0.8525,1.3655,46.6771,0.5574,0.7539,30.6920,0.3461,0.00,3792,1,0.1989,1.0000,0.0000,0.0000,0.8000,0.3797
banner-emerald-0258,banner,emerald,719036072,0.7005,0.2127,0.0781,1.4571,14.7136,0.3957,0.6591,55.5358,0.4543,0.00,1684,1,0.3151,1.0000,0.0000,0.0000,0.8000,0.4088
banner-emerald-0275,banner,emerald,918234377,0.7158,0.4932,0.0335,1.9133,46.9544,0.7087,0.7871,63.9019,0.2790,0.00,927,1,0.0932,1.0000,0.8413,0.6194,0.8000,0.6454
banner-emerald-0292,banner,emerald,342798501,0.0960,0.0572,0.4859,0.7996,41.3092,0.6178,0.5325,51.8036,0.2045,0.00,2772,1,0.8851,1.0000,0.0000,0.0000,0.8000,0.5513
banner-emerald-0303,banner,emerald,578549530,0.7367,0.4463,0.0665,1.0112,26.2987,0.1162,0.8587,97.4025,0.1708,0.00,375,1,0.1127,1.0000,0.9042,1.0000,0.8000,0.7390
banner-emerald-0320,banner,emerald,3113653,0.1168,0.7460,0.9105,1.3450,5.8712,0.2248,0.8366,30.4989,0.2971,0.00,3149,1,0.3529,1.0000,0.0000,0.0000,0.8000,0.4182
banner-emerald-0337,banner,emerald,202311962,0.2431,0.5629,0.6342,1.2125,10.7934,0.3637,1.3616,62.2593,0.6710,0.00,405,1,0.3955,1.0000,0.8710,1.0000,0.8000,0.8031
banner-emerald-0354,banner,emerald,401510268,0.2584,0.8434,0.7022,0.8542,15.5656,0.2594,0.4069,72.1765,0.1404,0.00,2461,1,0.1737,1.0000,0.0000,0.0000,0.8000,0.3734
banner-emerald-0371,banner,emerald,600708573,0.2737,0.6731,0.9278,1.1149,19.3816,0.3571,0.6538,67.3236,0.2991,0.00,1143,1,0.2899,1.0000,0.5713,0.6135,0.8000,0.6394
banner-emerald-0375,banner,emerald,984795361,0.9045,0.9128,0.3765,1.8958,34.1893,0.5384,0.6277,42.0824,0.6327,0.00,3067,1,0.0000,1.0000,0.0000,0.0000,0.8000,0.3300
banner-emerald-0388,banner,emerald,799906879,0.2890,0.9536,0.8831,1.4021,20.9136,0.1566,1.4807,65.5205,0.6520,0.00,322,1,0.0680,1.0000,0.9522,1.0000,0.8000,0.7374
banner-emerald-0392,banner,emerald,958627849,0.5549,0.9099,0.7220,0.8913,28.3117,0.0006,1.4619,55.7092,0.3413,0.00,402,1,0.0000,1.0000,0.8745,1.0000,0.8000,0.7049
banner-emerald-0409,banner,emerald,157826155,0.5703,0.7396,0.9476,1.1519,32.1276,0.0081,0.7546,55.2933,0.3409,0.00,1297,1,0.0176,1.0000,0.3788,0.1737,0.8000,0.4449
banner-emerald-0467,banner,emerald,283182766,0.7207,0.5810,0.6623,1.1267,14.5476,0.3081,1.1566,61.3721,0.2952,0.00,504,1,0.0237,1.0000,0.7380,1.0000,0.8000,0.6835
banner-emerald-0471,banner,emerald,441903739,0.0975,0.2600,0.2780,1.9776,33.6120,0.2387,0.8366,65.0054,0.4643,0.00,804,1,0.7318,1.0000,0.9950,1.0000,0.8000,0.9120
banner-emerald-0484,banner,emerald,482381071,0.7360,0.6361,0.0274,1.6034,29.2619,0.3979,0.3537,63.2608,0.3903,0.00,4104,1,0.0000,1.0000,0.0000,0.0000,0.8000,0.3300
banner-emerald-0488,banner,emerald,641102045,0.1128,0.0898,0.5037,1.9002,31.1520,0.4916,0.4459,76.8454,0.3084,0.00,1902,1,0.8480,1.0000,0.0000,0.0042,0.8000,0.5429
banner-gold-0004,banner,gold,295375883,0.5351,0.4110,0.1183,1.4943,9.0460,0.6672,1.2652,43.5641,0.3891,0.00,784,1,0.2905,1.0000,0.3259,0.9646,0.8000,0.6607
banner-gold-0005,banner,gold,893702625,0.5395,0.1766,0.1353,1.7066,19.4681,0.1949,0.7499,50.0911,0.6367,0.00,1565,1,0.4629,1.0000,0.0437,0.0729,0.8000,0.4691
banner-gold-0009,banner,gold,52423596,0.8054,0.0202,0.4044,0.9214,39.0011,0.0806,0.4692,66.6215,0.2115,0.00,2196,1,0.3808,1.0000,0.0000,0.0000,0.8000,0.4252
banner-gold-0012,banner,gold,383982956,0.2180,0.3662,0.4399,1.2818,19.4289,0.7158,0.4541,77.2185,0.4815,0.00,1763,1,0.5618,1.0000,0.0000,0.0000,0.8000,0.4705
banner-gold-0016,banner,gold,317338108,0.1191,0.8136,0.3042,0.5540,36.9766,0.2433,0.7612,55.8719,0.1061,0.00,1260,1,0.3005,1.0000,0.4250,0.5306,0.8000,0.5962
banner-gold-0021,banner,gold,494574188,0.5504,0.4661,0.4834,1.9710,38.8929,0.2074,1.3782,41.9411,0.3939,0.00,755,1,0.2376,1.0000,0.3633,0.9687,0.8000,0.6558
banner-gold-0032,banner,gold,181056857,0.0317,0.4831,0.9951,0.6609,13.5011,0.2816,1.3017,55.1456,0.1497,0.00,489,1,0.6139,1.0000,0.7599,1.0000,0.8000,0.8355
banner-gold-0033,banner,gold,516536414,0.1344,0.6434,0.5298,0.8147,40.7925,0.2509,1.2539,101.7038,0.2876,0.00,193,1,0.4166,1.0000,0.9998,0.7778,0.8000,0.7897
banner-gold-0049,banner,gold,380255162,0.0470,0.6509,0.2680,1.1475,19.7539,0.7279,1.2038,52.8068,0.3570,0.00,630,1,0.4766,1.0000,0.5445,1.0000,0.8000,0.7581
banner-gold-0066,banner,gold,579453468,0.0623,0.7060,0.8585,1.0095,38.8453,0.6385,0.6332,113.1911,0.4090,0.00,501,1,0.4238,1.0000,0.7424,1.0000,0.8000,0.7844
banner-gold-0083,banner,gold,778651773,0.0776,0.9865,0.8138,0.6206,7.5426,0.3337,0.5670,105.6158,0.2375,0.00,691,1,0.2019,1.0000,0.4527,1.0000,0.8000,0.6710
banner-gold-0087,banner,gold,712006926,0.9787,0.2086,0.9751,0.5586,44.1734,0.4481,0.6791,36.9539,0.4591,0.00,3361,1,0.1096,1.0000,0.0000,0.0000,0.8000,0.3574
banner-gold-0100,banner,gold,977850079,0.0929,0.2670,0.7691,1.5838,41.9094,0.2375,1.0872,39.8677,0.7582,0.00,1276,1,0.7300,1.0000,0.4050,0.7352,0.8000,0.7405
banner-gold-0104,banner,gold,136571049,0.3588,0.6599,0.4212,1.7931,44.3514,0.3177,1.1097,81.5439,0.2320,0.00,338,1,0.2360,1.0000,0.9393,1.0000,0.8000,0.7769
banner-gold-0121,banner,gold,335769355,0.3742,0.8277,0.5815,1.0870,41.0881,0.3723,0.4616,104.6886,0.1383,0.00,950,1,0.0986,1.0000,0.8125,0.7215,0.8000,0.6615
banner-gold-0138,banner,gold,534967660,0.3895,0.8828,0.1719,0.9489,10.1088,0.6271,0.8693,92.8367,0.5068,0.00,415,1,0.0458,1.0000,0.8590,1.0000,0.8000,0.7133
banner-gold-0183,banner,gold,619846939,0.9014,0.1227,0.6597,0.6730,37.7341,0.3132,0.4956,113.2603,0.7473,0.00,804,1,0.2319,1.0000,0.9950,0.7729,0.8000,0.7416
banner-gold-0200,banner,gold,819045245,0.9167,0.9525,0.8854,1.1027,22.1880,0.4684,0.7515,93.3641,0.2944,0.00,505,1,0.0000,1.0000,0.7365,0.8240,0.8000,0.6421
banner-gold-0217,banner,gold,18243551,0.9320,0.0094,0.5481,1.1120,23.5873,0.6755,1.1141,64.0071,0.5493,0.00,517,1,0.2939,1.0000,0.7187,1.0000,0.8000,0.7472
banner-gold-0234,banner,gold,217441856,0.9474,0.1754,0.6360,1.5895,12.3781,0.3761,0.3181,107.8257,0.7553,0.00,1815,1,0.1579,1.0000,0.0000,0.0000,0.8000,0.3695
banner-gold-0251,banner,gold,416640162,0.9627,0.3432,0.0216,1.9377,19.0061,0.6410,0.5442,91.9358,0.7316,0.00,964,1,0.0206,1.0000,0.7950,0.4443,0.8000,0.5830
banner-gold-0268,banner,gold,615838467,0.9780,0.1730,0.2473,0.5294,7.2460,0.6461,0.8927,96.4457,0.3993,0.00,383,1,0.1367,1.0000,0.8958,1.0000,0.8000,0.7433
banner-gold-0279,banner,gold,76955318,0.0944,0.9065,0.1492,0.7585,13.4529,0.5351,0.3116,65.6498,0.7094,0.00,4881,1,0.2493,1.0000,0.0000,0.0000,0.8000,0.3923
banner-gold-0296,banner,gold,276153623,0.1098,0.0743,0.4221,1.5831,6.3353,0.6263,1.4309,76.9972,0.1974,0.00,241,1,0.8620,1.0000,0.9945,0.5486,0.8000,0.8541
banner-gold-0313,banner,gold,475351929,0.1251,0.1294,0.0126,1.1070,43.9474,0.6958,1.4755,99.3089,0.4011,0.00,183,1,0.8091,1.0000,0.9991,0.9896,0.8000,0.9300
banner-gold-0330,banner,gold,674550234,0.1404,0.9592,0.2382,1.7058,24.1719,0.0886,0.3349,88.4404,0.3550,0.00,2455,1,0.1753,1.0000,0.0000,0.0000,0.8000,0.3738
banner-gold-0347,banner,gold,99114358,0.5205,0.6359,0.4857,1.2473,6.9046,0.2258,1.2047,116.4170,0.1034,0.00,162,1,0.1327,1.0000,0.9953,1.0000,0.8000,0.7622
banner-gold-0351,banner,gold,32469511,0.4216,0.0833,0.5753,0.5597,5.2948,0.0684,1.4384,59.9742,0.2617,0.00,375,1,0.6213,1.0000,0.9042,1.0000,0.8000,0.8662
banner-gold-0364,banner,gold,298312663,0.5359,0.8037,0.8713,1.4265,42.9565,0.6672,1.1053,56.6724,0.5190,0.00,647,1,0.0000,1.0000,0.5185,0.9880,0.8000,0.6313
banner-gold-0368,banner,gold,231667756,0.6623,0.5032,0.6746,1.7146,5.2563,0.6311,0.5466,54.8177,0.4938,0.00,2448,1,0.1258,1.0000,0.0000,0.0000,0.8000,0.3615
banner-gold-0426,banner,gold,357024431,0.6983,0.5899,0.9749,1.7885,42.5554,0.5153,0.7730,54.1280,0.1312,0.00,1280,1,0.0339,1.0000,0.4000,0.1551,0.8000,0.4495
banner-gold-0443,banner,gold,556222736,0.7136,0.8704,0.9303,0.5757,44.0874,0.2247,0.9163,55.9859,0.2069,0.00,901,1,0.0000,1.0000,0.8738,0.5122,0.8000,0.6072
banner-gold-0447,banner,gold,714943706,0.9795,0.8266,0.7691,1.5648,6.4855,0.1588,1.4459,34.8307,0.5111,0.00,940,1,0.0000,1.0000,0.8250,0.2804,0.8000,0.5511
banner-gold-0460,banner,gold,755421042,0.7289,0.7001,0.1559,0.8363,42.8326,0.4863,0.6389,74.3772,0.3308,0.00,1061,1,0.0000,1.0000,0.6738,0.3645,0.8000,0.5377
banner-gold-0464,banner,gold,914142012,0.9948,0.6564,0.5440,0.7310,9.5059,0.1168,1.4317,77.6940,0.2331,0.00,241,1,0.0000,1.0000,0.9945,1.0000,0.8000,0.7289
banner-gold-0481,banner,gold,113340318,0.0101,0.5988,0.6792,1.1099,29.5644,0.7500,0.8306,66.1401,0.3697,0.00,777,1,0.5433,1.0000,0.3347,1.0000,0.8000,0.7328
banner-gold-0498,banner,gold,312538623,0.0255,0.7666,0.9521,1.9345,17.3762,0.2051,0.3588,55.5015,0.4539,0.00,5186,1,0.4059,1.0000,0.0000,0.0000,0.8000,0.4315
banner-monochrome-0001,banner,monochrome,926335095,0.8110,0.5587,0.7726,0.5421,24.8200,0.3928,1.3559,108.2743,0.1196,0.00,159,1,0.0000,1.0000,0.9945,1.0000,0.8000,0.7289
banner-monochrome-0002,banner,monochrome,487180471,0.2786,0.3405,0.9643,0.7135,37.2410,0.1205,0.3744,30.7041,0.4275,0.00,12054,1,0.5357,1.0000,0.0000,0.0000,0.8000,0.4639
banner-monochrome-0018,banner,monochrome,350899219,0.1911,0.1226,0.2250,0.9284,9.0334,0.2792,0.4606,83.0454,0.4332,0.00,1519,1,0.7647,1.0000,0.1012,0.4119,0.8000,0.6238
banner-monochrome-0019,banner,monochrome,686378955,0.6178,0.3011,0.0283,1.8516,24.9042,0.7459,1.3139,64.4793,0.2851,0.00,386,1,0.3108,1.0000,0.8925,1.0000,0.8000,0.7862
banner-monochrome-0035,banner,monochrome,550097584,0.9811,0.8129,0.8701,1.2776,20.5816,0.0601,0.7246,74.0108,0.5087,0.00,815,1,0.0000,1.0000,0.9812,0.4406,0.8000,0.6144
banner-monochrome-0047,banner,monochrome,572059869,0.3398,0.8507,0.4344,0.6826,7.1343,0.0757,0.9717,36.3320,0.2018,0.00,1731,1,0.1071,1.0000,0.0000,0.0000,0.8000,0.3568
banner-monochrome-0052,banner,monochrome,749295949,0.7710,0.5032,0.5010,1.2451,5.8104,0.2928,0.4781,47.8396,0.2940,0.00,3834,1,0.0443,1.0000,0.0000,0.0000,0.8000,0.3411
banner-monochrome-0056,banner,monochrome,682651042,0.8975,0.3155,0.8741,1.6412,23.5904,0.4149,0.3176,38.0011,0.1860,0.00,11189,1,0.0903,1.0000,0.0000,0.0000,0.8000,0.3526
banner-monochrome-0069,banner,monochrome,948494195,0.0117,0.9232,0.3767,1.7921,26.8608,0.1395,0.5216,42.2199,0.6944,0.00,4193,1,0.2988,1.0000,0.0000,0.0000,0.8000,0.4047
banner-monochrome-0114,banner,monochrome,808007716,0.9334,0.2894,0.6046,1.6070,5.4093,0.1410,1.3458,45.2952,0.3838,0.00,650,1,0.0828,1.0000,0.5139,0.8789,0.8000,0.6293
banner-monochrome-0131,banner,monochrome,7205963,0.1741,0.4858,0.4114,1.1505,37.7644,0.1328,1.2121,110.4752,0.2936,0.00,182,1,0.5050,1.0000,0.9989,0.7204,0.8000,0.8001
banner-monochrome-0135,banner,monochrome,165926933,0.4400,0.5530,0.9731,1.9741,46.3679,0.4581,0.9223,39.8394,0.4642,0.00,1687,1,0.2553,1.0000,0.0000,0.0000,0.8000,0.3938
banner-monochrome-0148,banner,monochrome,206404209,0.4148,0.0167,0.2335,1.6354,20.4120,0.0435,0.5198,62.6856,0.3103,0.00,1997,1,0.6764,1.0000,0.0000,0.0000,0.8000,0.4991
banner-monochrome-0152,banner,monochrome,365125179,0.6807,0.0856,0.6421,1.3989,25.8166,0.7573,0.9355,85.9224,0.5915,0.00,427,1,0.4253,1.0000,0.8442,1.0000,0.8000,0.8051
banner-monochrome-0169,banner,monochrome,564323544,0.4707,0.7759,0.7237,1.1299,37.4789,0.2070,0.9248,118.8008,0.7107,0.00,276,1,0.0651,1.0000,0.9812,1.0000,0.8000,0.7425
banner-monochrome-0186,banner,monochrome,763521909,0.2606,0.4662,0.8054,0.6919,23.5033,0.3090,1.1509,37.4073,0.4533,0.00,1266,1,0.4549,1.0000,0.4175,0.5472,0.8000,0.6367
banner-monochrome-0203,banner,monochrome,962720155,0.5013,0.8862,0.9047,1.6778,42.8269,0.0141,1.0445,62.8473,0.1176,0.00,589,1,0.0000,1.0000,0.6081,1.0000,0.8000,0.6516
banner-monochrome-0220,banner,monochrome,387284278,0.8815,0.4501,0.4698,1.7567,6.7686,0.1510,0.5291,40.5860,0.7222,0.00,4471,1,0.0013,1.0000,0.0000,0.0000,0.8000,0.3303
banner-monochrome-0231,banner,monochrome,623035311,0.6331,0.5621,0.8274,1.4919,37.0778,0.0552,0.5925,106.1149,0.6570,0.00,656,1,0.1036,1.0000,0.5048,0.9944,0.8000,0.6557
banner-monochrome-0248,banner,monochrome,47599434,0.0132,0.0134,0.4865,1.8331,8.1577,0.0613,1.3889,40.4066,0.2176,0.00,759,1,0.9800,1.0000,0.3580,1.0000,0.8000,0.8466
banner-monochrome-0265,banner,monochrome,246797799,0.8032,0.8164,0.4741,1.1328,32.0438,0.3842,1.1221,70.5171,0.5899,0.00,452,1,0.0000,1.0000,0.8116,1.0000,0.8000,0.6923
banner-monochrome-0282,banner,monochrome,445996045,0.0439,0.2363,0.4608,0.9261,31.7099,0.2057,1.0548,53.8483,0.4042,0.00,770,1,0.7898,1.0000,0.3437,1.0000,0.8000,0.7962
banner-monochrome-0299,banner,monochrome,645194291,0.2846,0.6563,0.6728,1.6046,25.6910,0.4141,0.7419,58.6839,0.1304,0.00,1233,1,0.2944,1.0000,0.4587,0.4992,0.8000,0.5952
banner-monochrome-0316,banner,monochrome,844392656,0.0745,0.3466,0.6417,1.8120,8.4752,0.4199,1.2792,32.8767,0.3943,0.00,1296,1,0.6842,1.0000,0.3800,0.6941,0.8000,0.7159
banner-monochrome-0344,banner,monochrome,730073690,0.3457,0.1665,0.1429,1.4047,49.8050,0.6395,1.4817,35.8433,0.5456,0.00,896,1,0.6158,1.0000,0.8800,1.0000,0.8000,0.8599
banner-monochrome-0361,banner,monochrome,929271935,0.5864,0.5865,0.2422,1.0596,9.8373,0.3284,0.5979,63.9937,0.5472,0.00,1527,1,0.1203,1.0000,0.0913,0.0000,0.8000,0.3783
banner-monochrome-0378,banner,monochrome,128470182,0.8271,0.8938,0.7718,1.9375,23.7515,0.2410,1.3678,55.9544,0.7883,0.00,489,1,0.0000,1.0000,0.7599,0.9332,0.8000,0.6686
banner-monochrome-0395,banner,monochrome,327668547,0.6171,0.6968,0.4231,1.6075,20.2560,0.5912,0.9392,100.4002,0.3251,0.00,325,1,0.0146,1.0000,0.9499,1.0000,0.8000,0.7236
banner-monochrome-0399,banner,monochrome,486389517,0.8830,0.6530,0.2620,1.0966,27.6540,0.4352,0.9203,54.3234,0.6445,0.00,949,1,0.0000,1.0000,0.8137,0.4066,0.8000,0.5741
banner-monochrome-0412,banner,monochrome,526866912,0.4070,0.3871,0.5048,1.1695,6.2803,0.7834,0.3807,89.1584,0.4044,0.00,1936,1,0.4044,1.0000,0.0000,0.0000,0.8000,0.4311
banner-monochrome-0416,banner,monochrome,685587882,0.6729,0.3433,0.3436,0.6586,13.6784,0.5372,0.8760,99.8122,0.4430,0.00,356,1,0.2378,1.0000,0.9231,1.0000,0.8000,0.7741
banner-monochrome-0433,banner,monochrome,884786128,0.9136,0.7633,0.4429,1.6445,33.0020,0.2423,1.0400,108.4937,0.3401,0.00,250,1,0.0000,1.0000,0.9918,1.0000,0.8000,0.7284
banner-monochrome-0450,banner,monochrome,83984374,0.1543,0.0706,0.7471,1.8061,28.1682,0.1699,1.4542,80.0336,0.7292,0.00,263,1,0.8314,1.0000,0.9870,0.6279,0.8000,0.8608
banner-monochrome-0495,banner,monochrome,943497895,0.0760,0.5495,0.4339,1.1519,29.3607,0.7041,0.4705,116.3312,0.4839,0.00,802,1,0.5309,1.0000,0.9975,1.0000,0.8000,0.8622
banner-sapphire-0002,banner,sapphire,524661898,0.5901,0.9595,0.5062,1.5088,27.1990,0.4811,0.9163,99.3608,0.1929,0.00,335,1,0.0000,1.0000,0.9418,1.0000,0.8000,0.7184
banner-sapphire-0008,banner,sapphire,454096793,0.0263,0.7321,0.0170,1.4594,6.9315,0.2963,1.2501,73.0833,0.3731,0.00,343,1,0.4312,1.0000,0.9350,0.9640,0.8000,0.8176
banner-sapphire-0009,banner,sapphire,14942169,0.4939,0.2903,0.1398,0.6270,35.6484,0.4784,0.9186,102.0104,0.3402,0.00,330,1,0.4118,1.0000,0.9460,1.0000,0.8000,0.8221
banner-sapphire-0025,banner,sapphire,653295158,0.8163,0.4224,0.3222,1.4602,46.2910,0.4908,0.4838,84.2733,0.5753,0.00,1340,1,0.0710,1.0000,0.3250,0.0544,0.8000,0.4236
banner-sapphire-0026,banner,sapphire,214140534,0.2839,0.0915,0.9442,1.3544,22.5938,0.7140,0.8938,69.6281,0.6225,0.00,657,1,0.7184,1.0000,0.5033,1.0000,0.8000,0.8103
banner-sapphire-0042,banner,sapphire,852493524,0.6062,0.1127,0.4039,0.8531,6.6774,0.5351,1.3600,62.5363,0.5567,0.00,403,1,0.4608,1.0000,0.8733,1.0000,0.8000,0.8199
banner-sapphire-0043,banner,sapphire,413338899,0.0738,0.8945,0.4829,1.8389,41.4961,0.1355,0.5075,42.1058,0.2335,0.00,4460,1,0.2737,1.0000,0.0000,0.0000,0.8000,0.3984
banner-sapphire-0059,banner,sapphire,51691770,0.8469,0.4200,0.9335,1.9000,41.1588,0.1397,0.7419,98.9432,0.6578,0.00,514,1,0.0498,1.0000,0.7232,1.0000,0.8000,0.6871
banner-sapphire-0076,banner,sapphire,250890016,0.0876,0.9526,0.4898,0.6393,22.7223,0.4364,1.2925,91.4285,0.1820,0.00,229,1,0.2198,1.0000,0.9972,0.9456,0.8000,0.7735
banner-sapphire-0080,banner,sapphire,409610986,0.3535,0.9088,0.4414,0.9831,33.3606,0.5568,0.9945,41.4502,0.3304,0.00,1314,1,0.0532,1.0000,0.3575,0.2515,0.8000,0.4651
banner-sapphire-0097,banner,sapphire,608809351,0.1435,0.5991,0.4103,1.1905,16.1448,0.5626,0.4671,66.9189,0.5163,0.00,2226,1,0.4430,1.0000,0.0000,0.0000,0.8000,0.4408
banner-sapphire-0155,banner,sapphire,734165906,0.6302,0.3028,0.2712,1.9348,34.5031,0.6979,0.3009,114.1564,0.1611,0.00,1774,1,0.3003,1.0000,0.0000,0.0000,0.8000,0.4051
banner-sapphire-0159,banner,sapphire,667521118,0.3059,0.3853,0.6266,0.9070,18.9838,0.5971,0.3720,53.9927,0.5980,0.00,4973,1,0.4816,1.0000,0.0000,0.0000,0.8000,0.4504
banner-sapphire-0172,banner,sapphire,933364271,0.4201,0.9931,0.3529,0.8207,32.6926,0.7857,0.5879,105.5986,0.7267,0.00,658,1,0.0000,1.0000,0.5018,0.9900,0.8000,0.6284
banner-sapphire-0176,banner,sapphire,92085242,0.6860,0.8366,0.6220,0.8780,17.4454,0.5758,1.3302,53.8076,0.6426,0.00,531,1,0.0000,1.0000,0.6976,1.0000,0.8000,0.6695
banner-sapphire-0193,banner,sapphire,291283607,0.4760,0.6396,0.2734,0.5480,13.9499,0.0359,1.1475,48.7967,0.3741,0.00,773,1,0.1633,1.0000,0.3398,0.9369,0.8000,0.6262
banner-sapphire-0210,banner,sapphire,490481853,0.7167,0.0596,0.3727,1.3648,7.6355,0.4834,0.8968,68.2692,0.6082,0.00,659,1,0.4178,1.0000,0.5003,1.0000,0.8000,0.7345
banner-sapphire-0227,banner,sapphire,689680099,0.9574,0.4795,0.4720,1.0197,7.5971,0.1560,0.3861,104.8612,0.7441,0.00,1357,1,0.0000,1.0000,0.3037,0.0000,0.8000,0.3907
banner-sapphire-0244,banner,sapphire,888878464,0.7473,0.1698,0.5536,1.9127,12.9835,0.2905,1.0165,32.4395,0.1473,0.00,1967,1,0.3121,1.0000,0.0000,0.0000,0.8000,0.4080
banner-sapphire-0255,banner,sapphire,575361132,0.2286,0.2995,0.7478,0.5723,33.2259,0.4426,0.7584,113.6975,0.6154,0.00,402,1,0.6040,1.0000,0.8745,1.0000,0.8000,0.8559
banner-sapphire-0272,banner,sapphire,774559497,0.0185,0.9898,0.7185,0.5500,24.2172,0.2526,1.2707,57.5122,0.2714,0.00,488,1,0.2438,1.0000,0.7613,1.0000,0.8000,0.7432
banner-sapphire-0289,banner,sapphire,973757743,0.2592,0.4097,0.0414,1.9747,36.7433,0.5097,0.8370,51.4148,0.4029,0.00,1269,1,0.4983,1.0000,0.4137,0.5657,0.8000,0.6505
banner-sapphire-0306,banner,sapphire,172955989,0.4999,0.7170,0.5710,1.3526,5.6575,0.7829,0.8790,97.9279,0.5928,0.00,396,1,0.0873,1.0000,0.8814,1.0000,0.8000,0.7281
banner-sapphire-0323,banner,sapphire,372154354,0.2899,0.5200,0.2224,1.0226,42.0913,0.6774,0.6323,107.1761,0.6953,0.00,590,1,0.3926,1.0000,0.6065,1.0000,0.8000,0.7495
banner-sapphire-0327,banner,sapphire,530875324,0.5558,0.4762,0.0612,0.5117,49.4893,0.2523,1.4378,82.4029,0.5416,0.00,249,1,0.2260,1.0000,0.9921,1.0000,0.8000,0.7849
banner-sapphire-0340,banner,sapphire,571352719,0.0798,0.2103,0.1913,0.8919,8.4580,0.0958,0.7623,71.9912,0.5687,0.00,796,1,0.7824,1.0000,0.3111,1.0000,0.8000,0.7878
banner-sapphire-0385,banner,sapphire,430866122,0.4523,0.3062,0.3260,1.3846,46.7609,0.1813,0.3863,115.4506,0.7787,0.00,1153,1,0.4311,1.0000,0.5588,0.6047,0.8000,0.6705
banner-sapphire-0402,banner,sapphire,855430244,0.8324,0.8702,0.8911,1.4635,10.7026,0.3182,1.0709,103.4899,0.3709,0.00,250,1,0.0000,1.0000,0.9918,1.0000,0.8000,0.7284
banner-sapphire-0419,banner,sapphire,54628610,0.6224,0.4478,0.4030,0.9175,31.2468,0.3522,1.0544,50.4938,0.7690,0.00,887,1,0.1974,1.0000,0.8912,0.7565,0.8000,0.7089
banner-sapphire-0423,banner,sapphire,987983703,0.7488,0.3727,0.3458,1.4216,14.5069,0.6324,0.3519,82.4096,0.3799,0.00,2510,1,0.1589,1.0000,0.0000,0.0000,0.8000,0.3697
banner-sapphire-0436,banner,sapphire,253826856,0.8631,0.9805,0.0721,0.5114,10.9798,0.2005,1.2695,43.6731,0.2598,0.00,775,1,0.0000,1.0000,0.3373,0.5163,0.8000,0.5007
banner-sapphire-0440,banner,sapphire,187181949,0.9895,0.6800,0.4247,1.2050,22.5548,0.1298,1.3475,108.1977,0.1634,0.00,162,1,0.0000,1.0000,0.9953,1.0000,0.8000,0.7291
banner-sapphire-0457,banner,sapphire,611746072,0.3697,0.3566,0.0102,0.9864,32.7103,0.1502,0.5629,37.8644,0.5109,0.00,4508,1,0.4553,1.0000,0.0000,0.0000,0.8000,0.4438
banner-sapphire-0474,banner,sapphire,810944437,0.1596,0.0470,0.9792,0.8557,19.2804,0.1846,1.1468,85.2066,0.5295,0.00,312,1,0.8451,1.0000,0.9596,0.7031,0.8000,0.8738
banner-sapphire-0491,banner,sapphire,10142803,0.9496,0.5137,0.8810,1.6679,27.8524,0.3453,0.3246,62.0259,0.2788,0.00,4924,1,0.0000,1.0000,0.0000,0.0000,0.8000,0.3300
logo-emerald-0001,logo,emerald,622298776,0.4785,0.0089,0.9196,1.0559,22.0846,0.4744,1.1807,82.4850,0.5405,0.00,19,1,0.6344,1.0000,0.9468,0.5146,0.7000,0.7705
logo-emerald-0008,logo,emerald,556237667,0.2594,0.6421,0.9188,0.7159,15.0714,0.6685,1.2096,80.9885,0.7383,0.00,9,1,0.3239,1.0000,0.9000,0.5955,0.7000,0.6629
logo-emerald-0024,logo,emerald,750932033,0.5938,0.7490,0.8460,0.6264,39.4343,0.5297,1.4405,118.8785,0.4319,0.00,19,1,0.0000,1.0000,0.9468,1.0000,0.7000,0.5970
logo-emerald-0025,logo,emerald,311777412,0.1723,0.0283,0.4498,0.8917,25.8612,0.3831,0.6154,111.2398,0.6035,0.00,10,1,0.8495,1.0000,0.9348,0.4063,0.7000,0.8332
logo-emerald-0041,logo,emerald,506471793,0.9503,0.3504,0.9538,1.2365,20.3187,0.5037,0.5494,116.4060,0.5838,0.00,10,1,0.0245,1.0000,0.9348,1.0000,0.7000,0.6038
logo-emerald-0042,logo,emerald,400061070,0.6902,0.5586,0.9590,0.6925,28.6935,0.4905,1.4049,86.7037,0.6750,0.00,12,1,0.0634,1.0000,0.9375,0.9895,0.7000,0.6168
logo-emerald-0058,logo,emerald,483840830,0.7472,0.8380,0.2804,0.8617,7.3594,0.0008,1.1964,103.7914,0.7041,0.00,9,1,0.0000,1.0000,0.9000,1.0000,0.7000,0.5900
logo-emerald-0062,logo,emerald,308049619,0.0013,0.3130,0.6809,0.6036,20.2304,0.6959,0.4232,41.3061,0.6232,0.00,19,1,0.7643,1.0000,0.9468,0.3789,0.7000,0.8024
logo-emerald-0075,logo,emerald,488938525,0.5575,0.8538,0.2129,0.5033,9.7790,0.6298,0.8472,38.2705,0.3649,0.00,12,1,0.0000,1.0000,0.9375,1.0000,0.7000,0.5956
logo-emerald-0079,logo,emerald,507247924,0.0166,0.3681,0.7575,1.2016,27.6296,0.3436,0.3594,108.0374,0.6533,0.00,19,1,0.7115,1.0000,0.9468,0.4646,0.7000,0.7925
logo-emerald-0096,logo,emerald,819129138,0.7143,0.2903,0.2413,1.0734,26.0689,0.4244,0.5312,31.7234,0.7983,0.00,10,1,0.2465,1.0000,0.9348,0.8762,0.7000,0.6691
logo-emerald-0113,logo,emerald,461985975,0.9448,0.8095,0.2153,1.1991,31.3384,0.5974,1.3885,61.2859,0.1835,0.00,12,1,0.0000,1.0000,0.9375,1.0000,0.7000,0.5956
logo-emerald-0130,logo,emerald,439355015,0.8525,0.0199,0.4316,1.2051,25.1920,0.5047,0.4999,114.8613,0.3441,0.00,12,1,0.3457,1.0000,0.9375,0.8825,0.7000,0.7049
logo-emerald-0141,logo,emerald,904008417,0.2262,0.5302,0.6164,1.6119,31.0921,0.0719,0.7481,115.3833,0.3555,0.00,11,1,0.4326,1.0000,0.9361,0.5097,0.7000,0.6978
logo-emerald-0158,logo,emerald,990523814,0.5591,0.7183,0.6498,0.5813,34.4433,0.0069,0.7980,78.9529,0.5490,0.00,19,1,0.0419,1.0000,0.9468,0.9499,0.7000,0.6067
logo-emerald-0175,logo,emerald,189722120,0.5745,0.6607,0.4452,0.9500,48.7394,0.2627,0.6359,90.7479,0.1035,0.00,19,1,0.0736,1.0000,0.9468,0.9365,0.7000,0.6164
logo-emerald-0192,logo,emerald,388920426,0.5898,0.8285,0.8308,1.1291,39.7913,0.7041,0.4013,69.7273,0.6573,0.00,10,1,0.0000,1.0000,0.9348,1.0000,0.7000,0.5952
logo-emerald-0209,logo,emerald,588118731,0.6051,0.6583,0.0564,1.3898,38.5365,0.2559,0.8076,94.5990,0.6184,0.00,12,1,0.0524,1.0000,0.9375,0.9543,0.7000,0.6094
logo-emerald-0226,logo,emerald,565487771,0.5129,0.3195,0.0024,1.7578,11.3326,0.0979,1.3285,62.5084,0.5860,0.00,19,1,0.3757,1.0000,0.9468,0.7043,0.7000,0.6990
logo-emerald-0254,logo,emerald,560315098,0.3237,0.9844,0.0793,0.6233,8.6686,0.0575,1.4030,113.7475,0.1339,0.00,11,1,0.0189,1.0000,0.9361,0.8342,0.7000,0.5855
logo-emerald-0271,logo,emerald,759513407,0.4499,0.5370,0.1946,0.9242,39.5563,0.0647,0.8060,99.8372,0.6092,0.00,15,1,0.2598,1.0000,0.9416,0.7434,0.7000,0.6615
logo-emerald-0288,logo,emerald,515053167,0.8064,0.6876,0.5727,1.5078,27.7954,0.6124,1.3833,69.4798,0.2587,0.00,12,1,0.0000,1.0000,0.9375,1.0000,0.7000,0.5956
logo-emerald-0305,logo,emerald,714251473,0.8218,0.9681,0.5280,1.7950,29.3274,0.4119,1.0103,77.8181,0.4728,0.00,9,1,0.0000,1.0000,0.9000,1.0000,0.7000,0.5900
logo-emerald-0309,logo,emerald,316630989,0.7465,0.6035,0.2144,0.9612,7.3023,0.5157,0.7716,66.7962,0.5115,0.00,16,1,0.0000,1.0000,0.9429,1.0000,0.7000,0.5964
logo-emerald-0322,logo,emerald,691620498,0.2859,0.1888,0.6451,0.6553,31.4426,0.7348,1.4875,100.2055,0.1369,0.00,9,1,0.6440,1.0000,0.9000,0.7905,0.7000,0.7945
logo-emerald-0326,logo,emerald,515829294,0.7618,0.4332,0.4401,1.2219,16.1890,0.1791,1.4859,84.7230,0.7250,0.00,9,1,0.1037,1.0000,0.9000,0.9934,0.7000,0.6256
logo-emerald-0343,logo,emerald,827710508,0.4595,0.3555,0.7003,0.6549,21.4258,0.0571,0.4257,51.9987,0.2418,0.00,12,1,0.3887,1.0000,0.9375,0.6573,0.7000,0.6974
logo-emerald-0360,logo,emerald,470567345,0.6900,0.8746,0.6743,0.7806,26.6953,0.2302,1.2830,91.7027,0.6987,0.00,19,1,0.0000,1.0000,0.9468,1.0000,0.7000,0.5970
logo-emerald-0405,logo,emerald,999105184,0.3043,0.2341,0.8385,1.5203,41.8077,0.6985,0.8283,66.2087,0.4989,0.00,11,1,0.5961,1.0000,0.9361,0.8795,0.7000,0.7920
logo-emerald-0418,logo,emerald,595923971,0.2840,0.7057,0.4881,0.5675,28.3094,0.2803,1.4574,72.4941,0.6750,0.00,19,1,0.2577,1.0000,0.9468,0.6686,0.7000,0.6541
logo-emerald-0422,logo,emerald,198303490,0.3197,0.8386,0.6993,0.8487,10.9861,0.7704,0.5096,55.6817,0.1627,0.00,12,1,0.1313,1.0000,0.9375,0.7589,0.7000,0.6175
logo-emerald-0439,logo,emerald,397501796,0.3350,0.8937,0.2897,0.7106,30.0775,0.6810,1.4095,79.1838,0.2520,0.00,11,1,0.0785,1.0000,0.9361,0.8002,0.7000,0.6029
logo-emerald-0456,logo,emerald,596700101,0.3503,0.1742,0.2450,0.8288,5.9716,0.4230,0.3534,82.1259,0.5785,0.00,15,1,0.6066,1.0000,0.9416,0.9248,0.7000,0.8010
logo-emerald-0473,logo,emerald,352239876,0.1505,0.7653,0.3393,0.5654,28.4479,0.7283,1.2615,32.5117,0.7845,0.00,12,1,0.3131,1.0000,0.9375,0.5531,0.7000,0.6605
logo-emerald-0490,logo,emerald,440523534,0.6684,0.2957,0.0738,1.9090,10.3048,0.5129,1.3088,75.8393,0.6067,0.00,19,1,0.2770,1.0000,0.9468,0.8479,0.7000,0.6788
logo-gold-0000,logo,gold,136654913,0.2691,0.3421,0.2590,0.8027,40.4430,0.2713,1.2724,100.9670,0.6445,0.00,16,1,0.5416,1.0000,0.9429,0.9337,0.7000,0.7794
logo-gold-0001,logo,gold,141158819,0.9519,0.5879,0.0596,0.6230,28.2864,0.0135,0.4950,100.9206,0.4985,0.00,11,1,0.0000,1.0000,0.9361,1.0000,0.7000,0.5954
logo-gold-0017,logo,gold,335853218,0.2845,0.5099,0.6445,0.9819,31.4949,0.0028,0.5215,112.5508,0.1310,0.00,13,1,0.4042,1.0000,0.9389,0.5611,0.7000,0.6934
logo-gold-0018,logo,gold,118527889,0.7469,0.2286,0.2039,1.9460,35.6292,0.7935,0.9825,115.1005,0.1608,0.00,15,1,0.2683,1.0000,0.9416,0.8863,0.7000,0.6788
logo-gold-0029,logo,gold,357815444,0.8685,0.9125,0.9431,0.8961,12.5950,0.1997,0.5816,61.3208,0.6373,0.00,19,1,0.0000,1.0000,0.9468,1.0000,0.7000,0.5970
logo-gold-0034,logo,gold,313222229,0.3049,0.5155,0.2977,1.2739,12.6133,0.0344,0.7919,80.0127,0.3950,0.00,9,1,0.3847,1.0000,0.9000,0.5776,0.7000,0.6824
logo-gold-0038,logo,gold,693772494,0.5657,0.2959,0.7090,0.7317,42.7088,0.5642,0.3117,79.7016,0.4932,0.00,10,1,0.3538,1.0000,0.9348,0.7303,0.7000,0.6921
logo-gold-0046,logo,gold,669696688,0.4535,0.0397,0.9918,1.0948,7.3378,0.6863,1.0109,78.1951,0.4924,0.00,13,1,0.6301,1.0000,0.9389,0.9901,0.7000,0.8154
logo-gold-0051,logo,gold,207405328,0.1705,0.3087,0.5431,1.7560,28.5757,0.2282,1.0061,97.2948,0.5516,0.00,19,1,0.6406,1.0000,0.9468,0.7131,0.7000,0.7925
logo-gold-0055,logo,gold,892970799,0.5810,0.5764,0.6643,1.0189,44.2409,0.4539,0.6223,94.5203,0.3504,0.00,10,1,0.1319,1.0000,0.9348,0.8859,0.7000,0.6300
logo-gold-0072,logo,gold,92169105,0.5963,0.5189,0.4597,1.3876,13.5369,0.6196,0.8414,118.4351,0.6459,0.00,9,1,0.1636,1.0000,0.9000,0.8708,0.7000,0.6343
logo-gold-0089,logo,gold,847708820,0.6219,0.5875,0.9706,0.9269,18.6430,0.5029,1.4945,68.2114,0.5259,0.00,11,1,0.0930,1.0000,0.9361,0.9340,0.7000,0.6214
logo-gold-0117,logo,gold,177048385,0.1082,0.7588,0.9475,1.2806,16.7295,0.7976,1.3444,92.7361,0.7295,0.00,11,1,0.3497,1.0000,0.9361,0.5060,0.7000,0.6684
logo-gold-0134,logo,gold,263563752,0.5538,0.8546,0.1002,1.1633,7.9017,0.5222,1.2832,53.8683,0.7940,0.00,15,1,0.0000,1.0000,0.9416,1.0000,0.7000,0.5962
logo-gold-0151,logo,gold,575444996,0.1389,0.2071,0.1757,0.5543,29.5852,0.6090,1.2058,39.8149,0.6029,0.00,9,1,0.7405,1.0000,0.9000,0.5148,0.7000,0.8007
logo-gold-0168,logo,gold,218301832,0.3693,0.3882,0.1025,1.9541,22.2762,0.3219,1.0351,114.9428,0.6446,0.00,12,1,0.4319,1.0000,0.9375,0.5834,0.7000,0.7051
logo-gold-0185,logo,gold,973841607,0.1695,0.8666,0.6270,1.4137,13.7051,0.0672,1.3498,69.9749,0.1135,0.00,12,1,0.2229,1.0000,0.9375,0.6228,0.7000,0.6359
logo-gold-0202,logo,gold,173039913,0.1848,0.0344,0.8999,1.7312,39.3200,0.3658,1.3536,82.0882,0.6803,0.00,9,1,0.8355,1.0000,0.9000,0.4341,0.7000,0.8259
logo-gold-0213,logo,gold,859522580,0.6661,0.2767,0.0018,1.9007,29.3840,0.5975,0.7552,33.5610,0.3377,0.00,10,1,0.2929,1.0000,0.9348,0.8212,0.7000,0.6798
logo-gold-0230,logo,gold,946038007,0.8863,0.8950,0.8506,1.1662,7.5373,0.3551,0.3669,116.5449,0.5092,0.00,9,1,0.0000,1.0000,0.9000,1.0000,0.7000,0.5900
logo-gold-0247,logo,gold,145236253,0.1270,0.2023,0.1548,1.3277,47.7036,0.2828,0.9164,59.5022,0.1106,0.00,19,1,0.7530,1.0000,0.9468,0.5197,0.7000,0.8125
logo-gold-0264,logo,gold,344434618,0.9170,0.0053,0.0315,1.3786,19.6856,0.1847,1.0884,62.9692,0.5747,0.00,12,1,0.3083,1.0000,0.9375,0.9396,0.7000,0.6975
logo-gold-0281,logo,gold,99974334,0.9425,0.8486,0.9522,1.4429,41.2355,0.5698,0.5287,36.7027,0.3222,0.00,19,1,0.0000,1.0000,0.9468,1.0000,0.7000,0.5970
logo-gold-0285,logo,gold,702353834,0.4236,0.3815,0.9697,0.6890,39.6069,0.3310,0.3292,118.5173,0.1630,0.00,9,1,0.3962,1.0000,0.9000,0.6293,0.7000,0.6916
logo-gold-0298,logo,gold,299172639,0.9578,0.0164,0.3378,1.2867,19.1231,0.2419,0.6416,58.0775,0.5084,0.00,19,1,0.2693,1.0000,0.9468,0.9977,0.7000,0.6911
logo-gold-0302,logo,gold,901552199,0.2135,0.0718,0.9386,0.5584,40.8322,0.4378,0.4216,112.9707,0.5231,0.00,19,1,0.7860,1.0000,0.9468,0.5622,0.7000,0.8283
logo-gold-0319,logo,gold,100750446,0.4542,0.3791,0.5809,1.1289,34.4747,0.0701,1.2710,49.6676,0.1110,0.00,12,1,0.3750,1.0000,0.9375,0.6638,0.7000,0.6933
logo-gold-0377,logo,gold,226107120,0.4902,0.3531,0.3115,1.0948,16.2937,0.5962,1.3675,93.4319,0.4201,0.00,15,1,0.3676,1.0000,0.9416,0.6917,0.7000,0.6941
logo-gold-0381,logo,gold,272145151,0.1863,0.3500,0.3745,1.0408,36.1226,0.1510,1.3680,81.9092,0.7875,0.00,12,1,0.5978,1.0000,0.9375,0.7627,0.7000,0.7811
logo-gold-0394,logo,gold,314390778,0.0080,0.9961,0.2794,1.9291,45.0229,0.1642,1.0814,57.8228,0.1906,0.00,10,1,0.2469,1.0000,0.9348,0.5228,0.7000,0.6339
logo-gold-0398,logo,gold,584026336,0.9968,0.8419,0.8194,1.6778,8.4955,0.2133,1.4848,64.5214,0.1473,0.00,16,1,0.0000,1.0000,0.9429,1.0000,0.7000,0.5964
logo-gold-0415,logo,gold,783224701,0.7867,0.5323,0.9010,1.2398,39.5198,0.4054,1.3299,40.8842,0.3176,0.00,12,1,0.0108,1.0000,0.9375,1.0000,0.7000,0.5994
logo-gold-0432,logo,gold,982422947,0.0274,0.4030,0.5064,1.8134,13.2863,0.0440,1.3041,90.0249,0.7856,0.00,10,1,0.6772,1.0000,0.9348,0.4911,0.7000,0.7814
logo-gold-0449,logo,gold,181621312,0.8174,0.5298,0.5122,1.6797,34.3876,0.0543,0.3880,55.5542,0.5249,0.00,10,1,0.0000,1.0000,0.9348,1.0000,0.7000,0.5952
logo-gold-0466,logo,gold,158990323,0.8378,0.5354,0.9400,1.0864,21.1909,0.4991,0.3801,85.0057,0.5209,0.00,19,1,0.0000,1.0000,0.9468,1.0000,0.7000,0.5970
logo-gold-0477,logo,gold,954619347,0.7442,0.5299,0.3815,1.0970,6.7193,0.3299,1.2502,102.8542,0.5453,0.00,19,1,0.0444,1.0000,0.9468,1.0000,0.7000,0.6126
logo-gold-0494,logo,gold,153817653,0.7595,0.6977,0.7671,1.2762,42.7712,0.7713,1.1508,43.1096,0.1821,0.00,19,1,0.0000,1.0000,0.9468,1.0000,0.7000,0.5970
logo-monochrome-0003,logo,monochrome,644338965,0.2840,0.9867,0.5168,0.7019,9.8553,0.0745,0.9566,37.7541,0.4550,0.00,15,1,0.0469,1.0000,0.9416,0.8024,0.7000,0.5929
logo-monochrome-0007,logo,monochrome,551733731,0.6894,0.1913,0.7803,0.8865,27.1708,0.5963,0.4942,88.8723,0.4034,0.00,10,1,0.3394,1.0000,0.9348,0.8017,0.7000,0.6942
logo-monochrome-0008,logo,monochrome,37377595,0.8987,0.4074,0.7112,1.6176,49.8986,0.1441,1.0573,42.3280,0.5138,0.00,10,1,0.0204,1.0000,0.9348,1.0000,0.7000,0.6023
logo-monochrome-0015,logo,monochrome,527657866,0.8026,0.0746,0.2071,0.6173,25.0878,0.1192,1.3426,43.5252,0.4084,0.00,9,1,0.3421,1.0000,0.9000,0.8549,0.7000,0.6952
logo-monochrome-0032,logo,monochrome,726856231,0.5926,0.7649,0.2888,1.8483,46.8916,0.7509,0.4966,33.5764,0.7030,0.00,19,1,0.0000,1.0000,0.9468,1.0000,0.7000,0.5970
logo-monochrome-0049,logo,monochrome,926054477,0.8333,0.1848,0.3881,1.1651,40.5773,0.3083,0.6270,54.8682,0.4514,0.00,10,1,0.2364,1.0000,0.9348,0.9423,0.7000,0.6722
logo-monochrome-0065,logo,monochrome,677090286,0.1761,0.8950,0.4159,1.5906,19.6868,0.4165,1.3330,84.6651,0.5857,0.00,9,1,0.1967,1.0000,0.9000,0.6386,0.7000,0.6227
logo-monochrome-0082,logo,monochrome,876288651,0.9660,0.5853,0.6102,0.5072,8.9513,0.6161,1.4613,91.9027,0.1726,0.00,9,1,0.0000,1.0000,0.9000,1.0000,0.7000,0.5900
logo-monochrome-0086,logo,monochrome,35009622,0.2319,0.4288,0.6540,0.8411,17.8300,0.1191,0.8613,77.0611,0.6089,0.00,9,1,0.5044,1.0000,0.9000,0.9227,0.7000,0.7588
logo-monochrome-0103,logo,monochrome,234207868,0.4726,0.8488,0.9786,0.8743,45.4757,0.6795,0.6307,48.4501,0.5248,0.00,19,1,0.0089,1.0000,0.9468,0.9287,0.7000,0.5930
logo-monochrome-0120,logo,monochrome,433406233,0.2626,0.6518,0.6300,0.5443,21.6973,0.2671,1.0298,100.9171,0.2753,0.00,13,1,0.3142,1.0000,0.9389,0.6101,0.7000,0.6668
logo-monochrome-0137,logo,monochrome,632604479,0.5033,0.0717,0.7293,1.3611,15.3829,0.0033,1.3760,37.2142,0.2720,0.00,19,1,0.5687,1.0000,0.9468,0.5708,0.7000,0.7532
logo-monochrome-0154,logo,monochrome,609973549,0.2983,0.7125,0.8736,1.5222,34.0724,0.3740,1.2768,66.3942,0.3257,0.00,10,1,0.2419,1.0000,0.9348,0.6712,0.7000,0.6470
logo-monochrome-0165,logo,monochrome,630968331,0.7950,0.6933,0.3684,0.6577,7.9982,0.2177,1.0996,49.6493,0.3528,0.00,19,1,0.0000,1.0000,0.9468,1.0000,0.7000,0.5970
logo-monochrome-0182,logo,monochrome,604800939,0.9947,0.5100,0.9665,1.2028,16.1052,0.5551,0.6535,89.9644,0.3512,0.00,19,1,0.0000,1.0000,0.9468,1.0000,0.7000,0.5970
logo-monochrome-0199,logo,monochrome,803999185,0.2354,0.9299,0.9532,1.3340,32.1887,0.7838,0.8261,89.9955,0.7142,0.00,9,1,0.1260,1.0000,0.9000,0.7154,0.7000,0.6056
logo-monochrome-0216,logo,monochrome,559538960,0.0356,0.5211,0.1601,1.7562,27.1964,0.7620,1.2021,53.0771,0.3272,0.00,19,1,0.5825,1.0000,0.9468,0.6556,0.7000,0.7665
logo-monochrome-0233,logo,monochrome,758737206,0.2763,0.9410,0.3721,0.5967,9.8309,0.1289,0.9815,53.2823,0.4098,0.00,12,1,0.0870,1.0000,0.9375,0.7668,0.7000,0.6028
logo-monochrome-0237,logo,monochrome,586482524,0.1222,0.8701,0.4564,1.8880,22.8520,0.3796,0.8370,71.6101,0.7486,0.00,11,1,0.2558,1.0000,0.9361,0.5755,0.7000,0.6425
logo-monochrome-0250,logo,monochrome,736106276,0.0713,0.5818,0.4037,1.2342,44.6422,0.3458,1.1844,42.9681,0.5477,0.00,12,1,0.5102,1.0000,0.9375,0.7645,0.7000,0.7506
logo-monochrome-0295,logo,monochrome,486473321,0.0186,0.7001,0.6103,1.6766,20.0198,0.0018,1.3260,69.9944,0.3308,0.00,12,1,0.4610,1.0000,0.9375,0.7774,0.7000,0.7347
logo-monochrome-0312,logo,monochrome,685671686,0.8086,0.3904,0.9155,1.6774,49.3174,0.7622,1.1297,54.1778,0.1219,0.00,11,1,0.1008,1.0000,0.9361,1.0000,0.7000,0.6307
logo-monochrome-0329,logo,monochrome,884870051,0.5985,0.0807,0.9972,1.0704,34.4208,0.3130,1.0797,31.7105,0.4819,0.00,19,1,0.4906,1.0000,0.9468,0.6706,0.7000,0.7358
logo-monochrome-0333,logo,monochrome,43591022,0.8645,0.9242,0.2663,0.6206,32.2596,0.5500,0.8162,53.0184,0.5813,0.00,10,1,0.0000,1.0000,0.9348,1.0000,0.7000,0.5952
logo-monochrome-0346,logo,monochrome,862239002,0.8443,0.4511,0.1591,1.1554,11.6217,0.2344,1.3449,106.5419,0.3843,0.00,19,1,0.0284,1.0000,0.9468,1.0000,0.7000,0.6070
logo-monochrome-0350,logo,monochrome,242789268,0.1051,0.3442,0.1402,1.0592,23.6147,0.4393,0.9416,109.2908,0.5683,0.00,19,1,0.6630,1.0000,0.9468,0.6178,0.7000,0.7909
logo-monochrome-0367,logo,monochrome,441987514,0.3458,0.8768,0.0347,1.2003,31.3162,0.3724,0.8949,56.0641,0.3023,0.00,12,1,0.0830,1.0000,0.9375,0.8043,0.7000,0.6051
logo-monochrome-0384,logo,monochrome,641185760,0.5865,0.2968,0.1340,0.6862,5.6398,0.6071,0.5986,43.3062,0.6436,0.00,12,1,0.3375,1.0000,0.9375,0.7549,0.7000,0.6892
logo-monochrome-0401,logo,monochrome,840384244,0.9257,0.2575,0.1979,1.8243,48.3650,0.7566,0.3145,86.2378,0.6483,0.00,10,1,0.1126,1.0000,0.9348,1.0000,0.7000,0.6346
logo-monochrome-0429,logo,monochrome,613382219,0.0780,0.7350,0.2585,1.0042,27.5547,0.7510,1.2167,79.9071,0.1577,0.00,10,1,0.3902,1.0000,0.9348,0.9243,0.7000,0.7242
logo-monochrome-0446,logo,monochrome,812580585,0.8679,0.4254,0.4528,1.4208,16.8193,0.3295,1.1637,84.6121,0.2026,0.00,11,1,0.0300,1.0000,0.9361,1.0000,0.7000,0.6059
logo-monochrome-0463,logo,monochrome,11778831,0.1086,0.6217,0.7033,0.9489,8.6369,0.2210,1.1383,54.2206,0.3846,0.00,13,1,0.4523,1.0000,0.9389,0.8823,0.7000,0.7424
logo-monochrome-0480,logo,monochrome,767318605,0.9088,0.4365,0.7591,1.3289,36.2214,0.3784,0.8359,58.3032,0.5674,0.00,12,1,0.0000,1.0000,0.9375,1.0000,0.7000,0.5956
logo-monochrome-0497,logo,monochrome,966516971,0.6987,0.1268,0.8407,0.7218,41.6078,0.4228,0.7826,49.1181,0.3971,0.00,15,1,0.3809,1.0000,0.9416,0.7871,0.7000,0.7083
logo-sapphire-0005,logo,sapphire,743538379,0.2076,0.7560,0.2302,1.5053,28.8703,0.5677,0.7153,118.1482,0.5905,0.00,19,1,0.2773,1.0000,0.9468,0.6172,0.7000,0.6558
logo-sapphire-0010,logo,sapphire,920774459,0.6388,0.4085,0.4095,1.4224,35.8573,0.5368,1.0595,117.1063,0.2201,0.00,13,1,0.2145,1.0000,0.9389,0.8648,0.7000,0.6574
logo-sapphire-0014,logo,sapphire,79495429,0.9048,0.2521,0.6786,0.8035,32.7752,0.1325,0.4954,115.0489,0.6760,0.00,19,1,0.1324,1.0000,0.9468,1.0000,0.7000,0.6434
logo-sapphire-0022,logo,sapphire,942736625,0.4482,0.1760,0.4422,1.6768,30.8668,0.7672,1.1693,60.0185,0.1712,0.00,12,1,0.5318,1.0000,0.9375,0.5562,0.7000,0.7374
logo-sapphire-0027,logo,sapphire,925872086,0.4527,0.5689,0.4364,1.8566,29.0422,0.5298,0.4361,67.3555,0.2099,0.00,10,1,0.2338,1.0000,0.9348,0.7538,0.7000,0.6524
logo-sapphire-0031,logo,sapphire,278693675,0.1454,0.7847,0.2349,1.0428,9.2681,0.1537,0.9917,117.9757,0.1962,0.00,10,1,0.3024,1.0000,0.9348,0.5545,0.7000,0.6565
logo-sapphire-0039,logo,sapphire,141934990,0.2382,0.7536,0.7288,1.0906,25.5687,0.4861,0.8226,84.3018,0.4743,0.00,19,1,0.2562,1.0000,0.9468,0.6467,0.7000,0.6513
logo-sapphire-0048,logo,sapphire,477892040,0.9354,0.4750,0.4293,1.4594,48.6033,0.1879,1.1603,115.0583,0.1846,0.00,19,1,0.0000,1.0000,0.9468,1.0000,0.7000,0.5970
logo-sapphire-0093,logo,sapphire,450088381,0.8776,0.6429,0.6841,1.0559,11.9869,0.1049,0.5879,31.0549,0.6119,0.00,12,1,0.0000,1.0000,0.9375,1.0000,0.7000,0.5956
logo-sapphire-0106,logo,sapphire,46907186,0.4118,0.1651,0.4825,1.7119,13.5492,0.4792,0.9281,74.8719,0.6377,0.00,15,1,0.5673,1.0000,0.9416,0.5194,0.7000,0.7467
logo-sapphire-0110,logo,sapphire,649286746,0.6675,0.3332,0.7658,0.6179,43.0113,0.2069,0.9493,111.2203,0.5023,0.00,11,1,0.2494,1.0000,0.9361,0.8525,0.7000,0.6680
logo-sapphire-0127,logo,sapphire,848484992,0.9082,0.7532,0.8651,1.6038,17.3349,0.7120,0.8428,66.7840,0.7609,0.00,15,1,0.0000,1.0000,0.9416,1.0000,0.7000,0.5962
logo-sapphire-0144,logo,sapphire,47683238,0.1489,0.0605,0.1693,1.7653,12.5011,0.6396,1.1219,87.1895,0.3375,0.00,15,1,0.8430,1.0000,0.9416,0.4082,0.7000,0.8321
logo-sapphire-0161,logo,sapphire,803223013,0.9491,0.7643,0.1713,1.5118,31.6662,0.3052,0.4287,109.5149,0.1076,0.00,15,1,0.0000,1.0000,0.9416,1.0000,0.7000,0.5962
logo-sapphire-0178,logo,sapphire,2421379,0.7390,0.7448,0.4698,1.5211,10.6522,0.6478,0.4796,86.1885,0.1823,0.00,9,1,0.0000,1.0000,0.9000,1.0000,0.7000,0.5900
logo-sapphire-0189,logo,sapphire,132562637,0.2101,0.5707,0.6394,1.5655,46.7565,0.5372,0.6453,69.1365,0.6511,0.00,12,1,0.4144,1.0000,0.9375,0.5154,0.7000,0.6922
logo-sapphire-0206,logo,sapphire,331760883,0.4508,0.1033,0.5338,1.8756,45.2374,0.6394,1.0509,75.6219,0.4519,0.00,15,1,0.5844,1.0000,0.9416,0.5274,0.7000,0.7535
logo-sapphire-0223,logo,sapphire,530959129,0.6914,0.5233,0.6332,1.5305,45.1990,0.3120,0.5402,42.4969,0.2439,0.00,10,1,0.0889,1.0000,0.9348,0.9698,0.7000,0.6233
logo-sapphire-0240,logo,sapphire,730157494,0.4814,0.2136,0.7148,0.9235,5.5854,0.4465,0.9022,103.4635,0.3502,0.00,19,1,0.4787,1.0000,0.9468,0.6199,0.7000,0.7266
logo-sapphire-0257,logo,sapphire,929355859,0.2714,0.9039,0.7964,0.6545,17.2478,0.6061,0.4762,66.1902,0.1140,0.00,16,1,0.1185,1.0000,0.9429,0.7500,0.7000,0.6129
logo-sapphire-0261,logo,sapphire,88076829,0.5373,0.7475,0.0655,1.5357,9.0949,0.7263,1.0578,104.9987,0.2268,0.00,19,1,0.0364,1.0000,0.9468,0.9427,0.7000,0.6040
logo-sapphire-0274,logo,sapphire,128554105,0.5120,0.2112,0.3260,1.3634,45.4532,0.0954,1.4287,54.4621,0.5313,0.00,19,1,0.4576,1.0000,0.9468,0.6493,0.7000,0.7221
logo-sapphire-0278,logo,sapphire,287275075,0.7780,0.2801,0.7346,1.1295,43.9694,0.1551,0.3509,55.5358,0.7850,0.00,10,1,0.2064,1.0000,0.9348,0.9347,0.7000,0.6609
logo-sapphire-0336,logo,sapphire,856290220,0.2544,0.0829,0.3576,1.4901,19.3954,0.6046,1.3154,95.9841,0.2180,0.00,10,1,0.7470,1.0000,0.9348,0.6251,0.7000,0.8192
logo-sapphire-0353,logo,sapphire,55488586,0.0444,0.6605,0.6441,1.7278,26.2624,0.3094,1.0296,53.6690,0.1127,0.00,19,1,0.4713,1.0000,0.9468,0.8126,0.7000,0.7432
logo-sapphire-0357,logo,sapphire,657868027,0.7508,0.5583,0.1704,1.2739,7.6302,0.2235,1.0118,115.0252,0.1344,0.00,19,1,0.0182,1.0000,0.9468,1.0000,0.7000,0.6034
logo-sapphire-0370,logo,sapphire,32857537,0.2902,0.0309,0.0314,0.8600,11.1489,0.7925,0.9851,47.9588,0.3273,0.00,19,1,0.7592,1.0000,0.9468,0.6746,0.7000,0.8302
logo-sapphire-0374,logo,sapphire,857066392,0.5407,0.2486,0.2521,0.8359,43.7253,0.7812,1.4595,56.4338,0.3661,0.00,12,1,0.4080,1.0000,0.9375,0.6850,0.7000,0.7069
logo-sapphire-0391,logo,sapphire,56264638,0.7814,0.5559,0.7817,1.7138,7.5687,0.3282,1.3563,70.7969,0.4878,0.00,19,1,0.0000,1.0000,0.9468,1.0000,0.7000,0.5970
logo-sapphire-0408,logo,sapphire,811804413,0.5816,0.2597,0.5583,0.7440,18.1274,0.0302,1.1317,69.4176,0.6681,0.00,19,1,0.3690,1.0000,0.9468,0.7431,0.7000,0.7005
logo-sapphire-0425,logo,sapphire,11002779,0.3715,0.7264,0.3474,1.8635,17.1833,0.6893,0.7133,111.0357,0.3959,0.00,9,1,0.1765,1.0000,0.9000,0.7497,0.7000,0.6268
logo-sapphire-0442,logo,sapphire,877457141,0.8945,0.4307,0.3244,1.2251,39.8663,0.3974,0.6494,45.3521,0.1780,0.00,12,1,0.0060,1.0000,0.9375,1.0000,0.7000,0.5977
logo-sapphire-0453,logo,sapphire,340342283,0.0833,0.5988,0.8081,1.9222,49.0257,0.6701,0.5343,35.0293,0.7498,0.00,11,1,0.4885,1.0000,0.9361,0.8020,0.7000,0.7466
logo-sapphire-0470,logo,sapphire,539540528,0.3240,0.0187,0.0201,1.9273,23.4074,0.4980,1.0476,34.8186,0.4206,0.00,19,1,0.7430,1.0000,0.9468,0.7300,0.7000,0.8301
logo-sapphire-0487,logo,sapphire,738738894,0.1139,0.7090,0.9891,0.9701,9.3736,0.4772,1.1779,62.2539,0.1745,0.00,19,1,0.3828,1.0000,0.9468,0.5001,0.7000,0.6810
pattern-emerald-0006,pattern,emerald,420535713,0.8416,0.8533,0.2477,0.8364,12.8259,0.1120,0.9836,57.3330,0.5862,0.00,233,1,0.0000,0.9782,0.9613,1.0000,0.8000,0.8621
pattern-emerald-0010,pattern,emerald,579256683,0.1075,0.8095,0.9739,0.9709,41.7008,0.0761,0.4605,65.5211,0.3616,0.00,651,1,0.3122,0.9782,0.9874,1.0000,0.8000,0.9025
pattern-emerald-0015,pattern,emerald,756492763,0.5388,0.4621,0.1531,0.8879,13.8293,0.5173,0.5179,66.8564,0.7916,0.00,515,1,0.2493,0.9782,0.9999,1.0000,0.8000,0.9005
pattern-emerald-0026,pattern,emerald,442975431,0.0201,0.5917,0.2363,1.2943,13.4007,0.3200,1.3313,104.2550,0.6296,0.00,49,1,0.5412,0.9782,0.4900,0.7952,0.8000,0.7001
pattern-emerald-0027,pattern,emerald,3820806,0.4877,0.0372,0.7894,1.6850,6.0791,0.3441,0.3175,116.3171,0.7110,0.00,453,1,0.6063,0.9782,0.9988,1.0000,0.8000,0.9358
pattern-emerald-0043,pattern,emerald,867539554,0.4002,0.1557,0.0250,1.6430,29.9158,0.7335,1.4876,73.8666,0.7869,0.00,71,1,0.5831,0.9782,0.7100,0.5964,0.8000,0.7316
pattern-emerald-0060,pattern,emerald,841372042,0.0507,0.7020,0.5282,1.4264,18.8525,0.1648,0.8701,111.7922,0.2765,0.00,88,1,0.4355,0.9782,0.8800,0.5484,0.8000,0.7643
pattern-emerald-0077,pattern,emerald,265936165,0.4309,0.2659,0.2060,0.8599,25.9636,0.6519,1.4029,94.2527,0.5816,0.00,53,1,0.4774,0.9782,0.5300,0.6522,0.8000,0.6719
pattern-emerald-0094,pattern,emerald,239768653,0.0814,0.5869,0.3443,0.8729,8.9250,0.0688,0.7179,89.9927,0.1751,0.00,165,1,0.4988,0.9782,0.9397,0.6498,0.8000,0.8169
pattern-emerald-0139,pattern,emerald,324647929,0.4824,0.3293,0.4200,0.5056,15.7266,0.7349,0.9081,72.8240,0.1484,0.00,165,1,0.3912,0.9782,0.9397,0.9220,0.8000,0.8742
pattern-emerald-0156,pattern,emerald,749212055,0.9734,0.6161,0.3255,0.8953,40.3705,0.4325,0.9026,102.4260,0.5097,0.00,92,1,0.0000,0.9782,0.9200,1.0000,0.8000,0.8476
pattern-emerald-0173,pattern,emerald,723044544,0.6239,0.1624,0.4906,1.6007,10.3432,0.0857,1.2998,103.0011,0.6192,0.00,49,1,0.4103,0.9782,0.4900,0.7868,0.8000,0.6849
pattern-emerald-0177,pattern,emerald,881765514,0.8898,0.1186,0.3294,1.0899,17.7413,0.7296,1.4162,38.4832,0.4235,0.00,233,1,0.2437,0.9782,0.9613,1.0000,0.8000,0.8865
pattern-emerald-0190,pattern,emerald,147608667,0.0041,0.5010,0.4673,0.9846,19.2090,0.6229,0.5020,32.6811,0.2333,0.00,1772,1,0.6212,0.9782,0.4080,0.0941,0.8000,0.5041
pattern-emerald-0194,pattern,emerald,855598002,0.5403,0.6649,0.9453,1.7279,39.7855,0.4574,0.9955,81.2712,0.1192,0.00,116,1,0.0961,0.9782,0.9216,1.0000,0.8000,0.8578
pattern-emerald-0211,pattern,emerald,280162125,0.9205,0.2289,0.5104,1.6377,23.0892,0.5367,0.3358,92.6534,0.6932,0.00,632,1,0.1380,0.9782,0.9904,0.9338,0.8000,0.8695
pattern-emerald-0228,pattern,emerald,704726248,0.3006,0.7929,0.0755,1.8857,7.5982,0.2754,1.2135,67.3826,0.6513,0.00,116,1,0.1799,0.9782,0.9216,0.8904,0.8000,0.8388
pattern-emerald-0245,pattern,emerald,678558736,0.9511,0.3392,0.6913,0.8546,9.0752,0.3112,0.9809,35.3001,0.3671,0.00,515,1,0.0323,0.9782,0.9999,1.0000,0.8000,0.8788
pattern-emerald-0273,pattern,emerald,338873892,0.0829,0.0151,0.5013,0.8097,6.2836,0.1391,1.4266,48.6598,0.5897,0.00,155,1,0.9265,0.9782,0.9362,0.6975,0.8000,0.8703
pattern-emerald-0290,pattern,emerald,763438015,0.4630,0.5791,0.1791,0.7477,7.1970,0.7433,0.4434,88.7597,0.6495,0.00,430,1,0.2184,0.9782,0.9973,1.0000,0.8000,0.8965
pattern-emerald-0307,pattern,emerald,737270503,0.1135,0.1254,0.6823,1.5240,23.8750,0.1643,0.7853,41.2959,0.5836,0.00,581,1,0.8208,0.9782,0.9964,1.0000,0.8000,0.9565
pattern-emerald-0324,pattern,emerald,161834627,0.4937,0.4640,0.2206,1.0795,36.5847,0.4143,1.4129,111.5667,0.1992,0.00,44,1,0.2818,0.9782,0.4400,0.7990,0.8000,0.6576
pattern-emerald-0341,pattern,emerald,135667115,0.1442,0.0103,0.4984,1.1422,7.9800,0.0555,0.6402,110.6986,0.1182,0.00,148,1,0.8842,0.9782,0.9337,0.7919,0.8000,0.8888
pattern-emerald-0358,pattern,emerald,560231238,0.5243,0.7996,0.5410,1.8434,22.9637,0.1935,1.3422,55.2735,0.3865,0.00,131,1,0.0071,0.9782,0.9273,1.0000,0.8000,0.8509
pattern-emerald-0369,pattern,emerald,246713902,0.8947,0.2064,0.9582,1.8033,25.2638,0.6733,0.6344,66.2690,0.7625,0.00,380,1,0.1742,0.9782,0.9921,1.0000,0.8000,0.8903
pattern-emerald-0386,pattern,emerald,220546394,0.6561,0.2502,0.3243,1.4415,41.2543,0.7183,1.1670,39.9826,0.3517,0.00,291,1,0.3203,0.9782,0.9761,1.0000,0.8000,0.8993
pattern-emerald-0403,pattern,emerald,645110517,0.0362,0.0395,0.9161,0.5438,41.3572,0.1074,0.5416,100.5528,0.1057,0.00,233,1,0.9432,0.9782,0.9613,0.8886,0.8000,0.9286
pattern-emerald-0420,pattern,emerald,618943005,0.6867,0.5858,0.6447,0.7054,22.5626,0.7515,0.3262,56.3902,0.4060,0.00,1685,1,0.0456,0.9782,0.4593,0.0000,0.8000,0.4410
pattern-emerald-0437,pattern,emerald,43507128,0.0669,0.9244,0.7323,1.8284,12.9886,0.0892,1.3206,106.3150,0.4525,0.00,49,1,0.2566,0.9782,0.4900,0.6107,0.8000,0.6255
pattern-emerald-0441,pattern,emerald,202228098,0.3328,0.8806,0.6838,0.6722,23.6268,0.0293,0.9904,104.7934,0.6164,0.00,75,1,0.0899,0.9782,0.7500,0.8981,0.8000,0.7717
pattern-emerald-0454,pattern,emerald,17339617,0.7173,0.3598,0.9634,1.2028,30.4619,0.0674,0.4561,87.4499,0.2989,0.00,395,1,0.1922,0.9782,0.9939,1.0000,0.8000,0.8927
pattern-emerald-0458,pattern,emerald,176060587,0.9833,0.4269,0.5250,0.5264,14.3483,0.7975,1.0365,105.6999,0.4709,0.00,71,1,0.0000,0.9782,0.7100,1.0000,0.8000,0.7741
pattern-gold-0002,pattern,gold,941381215,0.2669,0.4417,0.4481,1.7575,38.7876,0.2547,0.6122,38.3920,0.3278,0.00,1061,1,0.4685,1.0000,0.8400,0.8079,0.8000,0.8228
pattern-gold-0003,pattern,gold,314342140,0.9065,0.6985,0.7159,0.6311,6.5485,0.3519,0.8575,93.5264,0.6599,0.00,116,1,0.0000,1.0000,0.9216,1.0000,0.8000,0.8525
pattern-gold-0019,pattern,gold,915213703,0.9174,0.9880,0.0640,1.4025,17.9580,0.2832,0.9648,109.0266,0.2842,0.00,75,1,0.0000,1.0000,0.7500,1.0000,0.8000,0.7925
pattern-gold-0036,pattern,gold,339777827,0.2976,0.5520,0.6291,0.8054,44.1356,0.7716,1.2482,86.0819,0.6639,0.00,75,1,0.3628,1.0000,0.7500,0.6986,0.8000,0.7534
pattern-gold-0044,pattern,gold,977653264,0.2509,0.4895,0.3395,1.2227,34.4677,0.5609,1.2300,85.2557,0.6306,0.00,75,1,0.4447,1.0000,0.7500,0.6206,0.8000,0.7421
pattern-gold-0053,pattern,gold,313610315,0.9481,0.0983,0.2449,1.1053,14.9039,0.4743,0.8171,48.4911,0.4204,0.00,395,1,0.2152,1.0000,0.9939,1.0000,0.8000,0.8994
pattern-gold-0070,pattern,gold,738174438,0.3282,0.6623,0.8100,1.3532,49.4836,0.6688,0.8516,56.7325,0.4979,0.00,291,1,0.2571,1.0000,0.9761,1.0000,0.8000,0.8973
pattern-gold-0098,pattern,gold,398489594,0.4600,0.3382,0.7327,1.1673,43.7345,0.7099,0.3996,90.0179,0.7157,0.00,498,1,0.4014,1.0000,1.0000,1.0000,0.8000,0.9201
pattern-gold-0115,pattern,gold,823053717,0.8401,0.9022,0.2978,1.2463,7.6762,0.0468,1.0842,47.6328,0.3790,0.00,245,1,0.0000,1.0000,0.9646,1.0000,0.8000,0.8676
pattern-gold-0132,pattern,gold,796886205,0.4906,0.4485,0.9137,1.7152,49.0824,0.5170,0.5193,54.1881,0.4113,0.00,782,1,0.2957,1.0000,0.9569,0.9864,0.8000,0.8911
pattern-gold-0149,pattern,gold,221450328,0.8708,0.8998,0.9090,1.6861,47.5440,0.4957,1.4775,54.0031,0.6450,0.00,116,1,0.0000,1.0000,0.9216,1.0000,0.8000,0.8525
pattern-gold-0153,pattern,gold,380171298,0.1367,0.9687,0.2049,1.9287,12.1113,0.6557,0.8614,65.4308,0.1848,0.00,233,1,0.1710,1.0000,0.9613,1.0000,0.8000,0.8835
pattern-gold-0166,pattern,gold,195282816,0.5212,0.4460,0.5249,0.6551,43.9502,0.0757,1.2937,62.3777,0.3554,0.00,116,1,0.2745,1.0000,0.9216,0.9376,0.8000,0.8644
pattern-gold-0170,pattern,gold,354003786,0.7872,0.5150,0.9335,1.7522,16.8284,0.1680,0.6201,52.1401,0.7746,0.00,581,1,0.0234,1.0000,0.9964,0.9903,0.8000,0.8786
pattern-gold-0187,pattern,gold,778567909,0.1673,0.0789,0.3859,0.6385,6.1125,0.4214,1.3459,54.1702,0.3536,0.00,144,1,0.8153,1.0000,0.9322,0.8936,0.8000,0.9112
pattern-gold-0204,pattern,gold,752400397,0.8178,0.6252,0.1144,0.8001,17.1057,0.1390,1.4156,39.5546,0.6577,0.00,233,1,0.0000,1.0000,0.9613,1.0000,0.8000,0.8664
pattern-gold-0249,pattern,gold,837279676,0.3297,0.8651,0.6022,0.6931,25.3690,0.0629,0.4239,72.2892,0.3002,0.00,651,1,0.1039,1.0000,0.9874,1.0000,0.8000,0.8860
pattern-gold-0262,pattern,gold,103122830,0.4439,0.3602,0.7587,1.1749,16.4325,0.2878,0.8847,44.8027,0.6919,0.00,395,1,0.3969,1.0000,0.9939,1.0000,0.8000,0.9176
pattern-gold-0266,pattern,gold,811112165,0.9802,0.4114,0.2180,1.1621,16.7045,0.1674,0.3210,82.8057,0.2595,0.00,863,1,0.0000,1.0000,0.9296,0.5318,0.8000,0.7383
pattern-gold-0283,pattern,gold,235676288,0.3604,0.8627,0.2134,1.1330,15.1661,0.1462,1.1441,111.2033,0.4847,0.00,62,1,0.0827,1.0000,0.6200,0.8950,0.8000,0.7290
pattern-gold-0300,pattern,gold,660240411,0.7405,0.5394,0.3483,1.3199,39.6587,0.0970,0.8471,72.1137,0.6968,0.00,192,1,0.0401,1.0000,0.9488,1.0000,0.8000,0.8661
pattern-gold-0317,pattern,gold,634072899,0.3910,0.0857,0.9641,1.6198,10.4269,0.5096,0.9323,38.1840,0.3653,0.00,498,1,0.6425,1.0000,1.0000,1.0000,0.8000,0.9442
pattern-gold-0334,pattern,gold,58637022,0.7711,0.5370,0.9595,1.7598,34.5265,0.5459,1.1052,107.0665,0.4813,0.00,64,1,0.0189,1.0000,0.6400,1.0000,0.8000,0.7559
pattern-gold-0345,pattern,gold,294388055,0.5228,0.7616,0.8868,1.6030,30.3158,0.6083,0.8950,50.5369,0.6733,0.00,327,1,0.0367,1.0000,0.9836,1.0000,0.8000,0.8779
pattern-gold-0362,pattern,gold,718952178,0.9029,0.3256,0.4519,1.6819,39.2575,0.7452,0.5148,79.7107,0.6605,0.00,380,1,0.0786,1.0000,0.9921,1.0000,0.8000,0.8851
pattern-gold-0379,pattern,gold,692784666,0.5534,0.8719,0.0677,0.6508,30.5931,0.5793,0.7609,70.7861,0.2518,0.00,239,1,0.0000,1.0000,0.9630,1.0000,0.8000,0.8670
pattern-gold-0396,pattern,gold,117348790,0.9335,0.3232,0.0631,0.6218,29.0546,0.5580,1.1782,94.9315,0.6330,0.00,71,1,0.0575,1.0000,0.7100,1.0000,0.8000,0.7842
pattern-gold-0413,pattern,gold,91181278,0.5840,0.8695,0.6790,1.0907,30.5316,0.0643,1.2728,119.3771,0.1315,0.00,44,1,0.0000,1.0000,0.4400,1.0000,0.8000,0.6840
pattern-gold-0417,pattern,gold,249902248,0.8499,0.9384,0.0875,0.6879,43.3391,0.2303,0.3208,103.2100,0.7974,0.00,563,1,0.0000,1.0000,0.9978,0.8069,0.8000,0.8310
pattern-gold-0430,pattern,gold,515745401,0.9642,0.5461,0.8138,1.2776,49.9534,0.3593,0.7541,98.0512,0.4505,0.00,131,1,0.0000,1.0000,0.9273,1.0000,0.8000,0.8546
pattern-gold-0475,pattern,gold,600624680,0.4761,0.7860,0.3016,1.1707,8.1460,0.5373,0.9867,109.2345,0.5113,0.00,75,1,0.0534,1.0000,0.7500,0.9941,0.8000,0.7964
pattern-gold-0492,pattern,gold,574457168,0.1266,0.3323,0.8047,0.7850,46.3121,0.7310,0.7009,99.4084,0.1548,0.00,155,1,0.6558,1.0000,0.9362,0.5511,0.8000,0.8110
pattern-monochrome-0005,pattern,monochrome,310421943,0.2164,0.6589,0.9646,1.2698,18.5960,0.7513,0.6608,59.2163,0.5266,0.00,437,1,0.3435,1.0000,0.9978,1.0000,0.8000,0.9136
pattern-monochrome-0006,pattern,monochrome,683382868,0.8560,0.9157,0.3450,0.9979,34.5971,0.3250,0.8974,53.2841,0.5122,0.00,291,1,0.0000,1.0000,0.9761,1.0000,0.8000,0.8716
pattern-monochrome-0013,pattern,monochrome,948297380,0.1697,0.5965,0.6750,1.6871,8.9281,0.4505,1.0238,90.6339,0.1919,0.00,92,1,0.4254,1.0000,0.9200,0.6212,0.8000,0.7998
pattern-monochrome-0017,pattern,monochrome,107018351,0.4356,0.4400,0.0568,1.9229,49.0154,0.6669,0.7702,100.8016,0.5276,0.00,131,1,0.3433,1.0000,0.9273,0.8739,0.8000,0.8574
pattern-monochrome-0022,pattern,monochrome,284254431,0.8669,0.2052,0.6931,0.9243,37.6045,0.5502,1.1185,56.0393,0.1563,0.00,192,1,0.1960,1.0000,0.9488,1.0000,0.8000,0.8817
pattern-monochrome-0030,pattern,monochrome,372861504,0.5498,0.1604,0.3528,0.9516,40.4720,0.7161,0.7366,52.9102,0.2033,0.00,437,1,0.4673,1.0000,0.9978,1.0000,0.8000,0.9260
pattern-monochrome-0034,pattern,monochrome,531582474,0.8157,0.1167,0.1917,1.9408,37.7286,0.4485,0.5449,54.9129,0.2854,0.00,705,1,0.3007,1.0000,0.9770,0.9632,0.8000,0.8928
pattern-monochrome-0039,pattern,monochrome,708818554,0.2470,0.7692,0.2582,1.1722,27.1841,0.7447,1.0178,103.0047,0.6918,0.00,75,1,0.2379,1.0000,0.7500,0.7566,0.8000,0.7554
pattern-monochrome-0050,pattern,monochrome,944569587,0.9986,0.8811,0.6158,0.9074,12.4933,0.6489,0.8107,55.8403,0.1382,0.00,327,1,0.0000,1.0000,0.9836,1.0000,0.8000,0.8742
pattern-monochrome-0067,pattern,monochrome,369133710,0.3788,0.4451,0.1809,0.9863,16.3643,0.3300,0.4793,115.3298,0.2903,0.00,233,1,0.3821,1.0000,0.9613,0.9896,0.8000,0.9021
pattern-monochrome-0084,pattern,monochrome,342966198,0.0293,0.9914,0.5731,1.6926,7.4029,0.7018,1.4348,115.7187,0.5531,0.00,44,1,0.2345,1.0000,0.4400,0.5983,0.8000,0.6070
pattern-monochrome-0101,pattern,monochrome,767530321,0.4094,0.5554,0.3618,1.5342,26.7830,0.5929,0.6854,100.4603,0.3040,0.00,155,1,0.2764,1.0000,0.9362,0.9454,0.8000,0.8717
pattern-monochrome-0105,pattern,monochrome,926251410,0.2246,0.7819,0.0703,1.7449,37.5709,0.3719,0.8429,109.8086,0.3896,0.00,92,1,0.2451,1.0000,0.9200,0.7689,0.8000,0.8187
pattern-monochrome-0118,pattern,monochrome,192094445,0.7896,0.0067,0.3572,1.1697,12.0802,0.6023,0.6560,91.3946,0.5638,0.00,198,1,0.4028,1.0000,0.9507,1.0000,0.8000,0.9030
pattern-monochrome-0122,pattern,monochrome,900083779,0.3258,0.0579,0.8165,1.3233,49.9493,0.0494,1.4278,117.1166,0.3974,0.00,44,1,0.7122,1.0000,0.4400,0.8562,0.8000,0.7193
pattern-monochrome-0180,pattern,monochrome,250806212,0.9520,0.9055,0.0306,1.9751,30.2528,0.1221,1.0865,95.9880,0.2537,0.00,75,1,0.0000,1.0000,0.7500,1.0000,0.8000,0.7925
pattern-monochrome-0197,pattern,monochrome,224638700,0.6024,0.3391,0.0767,0.8361,16.1789,0.2539,1.2870,55.9714,0.4274,0.00,148,1,0.2938,1.0000,0.9337,1.0000,0.8000,0.8862
pattern-monochrome-0201,pattern,monochrome,383359670,0.8684,0.4081,0.4853,1.9332,39.1279,0.0921,0.4539,95.8679,0.1676,0.00,341,1,0.0427,1.0000,0.9861,1.0000,0.8000,0.8794
pattern-monochrome-0214,pattern,monochrome,649202823,0.9826,0.0158,0.2115,0.6876,27.5072,0.3255,0.9564,37.1749,0.4788,0.00,498,1,0.2512,1.0000,1.0000,1.0000,0.8000,0.9051
pattern-monochrome-0218,pattern,monochrome,807923793,0.2485,0.9720,0.0504,0.5121,42.9988,0.3042,1.3526,111.1962,0.5104,0.00,44,1,0.0846,1.0000,0.4400,0.8079,0.8000,0.6444
pattern-monochrome-0235,pattern,monochrome,781756281,0.8990,0.5183,0.6662,0.9811,44.4758,0.6991,0.5736,70.1797,0.6279,0.00,395,1,0.0000,1.0000,0.9939,1.0000,0.8000,0.8779
pattern-monochrome-0252,pattern,monochrome,206320404,0.2792,0.9696,0.6616,0.9520,42.9374,0.6779,0.3319,69.9946,0.4676,0.00,1118,1,0.0634,1.0000,0.8093,0.5295,0.8000,0.7020
pattern-monochrome-0269,pattern,monochrome,180152892,0.9296,0.5159,0.2775,1.4209,39.3436,0.3481,0.8317,94.9910,0.7608,0.00,122,1,0.0000,1.0000,0.9239,1.0000,0.8000,0.8534
pattern-monochrome-0286,pattern,monochrome,604717015,0.3098,0.1926,0.4123,1.4388,33.1275,0.5855,1.2337,45.7322,0.7223,0.00,233,1,0.6232,1.0000,0.9613,0.7944,0.8000,0.8774
pattern-monochrome-0297,pattern,monochrome,291199683,0.7911,0.3222,0.7191,0.9530,11.6101,0.2140,0.4260,110.5367,0.2958,0.00,291,1,0.1651,1.0000,0.9761,1.0000,0.8000,0.8881
pattern-monochrome-0314,pattern,monochrome,265032172,0.4416,0.8685,0.3350,1.4220,8.0164,0.6842,0.9259,45.5331,0.7042,0.00,380,1,0.0175,1.0000,0.9921,1.0000,0.8000,0.8790
pattern-monochrome-0331,pattern,monochrome,689596294,0.8217,0.4325,0.9001,1.5009,16.9581,0.0211,0.6809,105.8591,0.5801,0.00,148,1,0.0594,1.0000,0.9337,1.0000,0.8000,0.8627
pattern-monochrome-0348,pattern,monochrome,663428783,0.4722,0.9788,0.5159,1.9698,13.3644,0.4913,1.0456,99.7034,0.4786,0.00,75,1,0.0000,1.0000,0.7500,1.0000,0.8000,0.7925
pattern-monochrome-0365,pattern,monochrome,87992906,0.8523,0.4301,0.5113,1.9408,11.8259,0.4700,0.8038,99.5184,0.1244,0.00,116,1,0.0382,1.0000,0.9216,1.0000,0.8000,0.8564
pattern-monochrome-0382,pattern,monochrome,61825394,0.5028,0.9764,0.1271,0.9097,48.1614,0.4844,1.3525,64.8304,0.4565,0.00,101,1,0.0000,1.0000,0.9156,1.0000,0.8000,0.8505
pattern-monochrome-0393,pattern,monochrome,748308062,0.9841,0.2187,0.5530,0.5994,35.1234,0.5621,0.8975,74.0958,0.3121,0.00,165,1,0.0979,1.0000,0.9397,1.0000,0.8000,0.8687
pattern-monochrome-0410,pattern,monochrome,172872185,0.3643,0.6700,0.9991,1.8338,15.0185,0.6480,1.1716,71.9775,0.3482,0.00,116,1,0.2243,1.0000,0.9216,0.8926,0.8000,0.8481
pattern-monochrome-0427,pattern,monochrome,146704673,0.0147,0.2163,0.2786,0.8403,29.2734,0.2158,1.1716,73.4696,0.7743,0.00,101,1,0.8268,1.0000,0.9156,0.5824,0.8000,0.8287
pattern-monochrome-0444,pattern,monochrome,571268796,0.3949,0.8929,0.7498,0.9897,30.8466,0.6132,1.2881,116.7826,0.1682,0.00,44,1,0.0341,1.0000,0.4400,0.9147,0.8000,0.6661
pattern-monochrome-0461,pattern,monochrome,545101284,0.0454,0.4392,0.2529,0.6040,24.0127,0.0069,0.8671,35.5568,0.2967,0.00,651,1,0.6366,1.0000,0.9874,1.0000,0.8000,0.9393
pattern-monochrome-0465,pattern,monochrome,703822254,0.3113,0.3954,0.2045,0.9478,29.5802,0.4716,0.4827,74.7420,0.2579,0.00,498,1,0.4700,1.0000,1.0000,1.0000,0.8000,0.9270
pattern-monochrome-0478,pattern,monochrome,969665407,0.4255,0.0032,0.9307,1.9729,45.9521,0.2194,0.7605,48.2030,0.2400,0.00,453,1,0.6785,1.0000,0.9988,1.0000,0.8000,0.9474
pattern-monochrome-0482,pattern,monochrome,128386378,0.6914,0.8467,0.1998,0.9187,28.0417,0.4503,1.4410,74.5570,0.3025,0.00,75,1,0.0000,1.0000,0.7500,1.0000,0.8000,0.7925
pattern-monochrome-0499,pattern,monochrome,102218866,0.3419,0.3930,0.8157,1.3876,29.5187,0.5763,0.8272,30.5137,0.1536,0.00,948,1,0.4488,1.0000,0.8948,0.9112,0.8000,0.8658
pattern-sapphire-0003,pattern,sapphire,502226590,0.7345,0.2236,0.6398,1.7598,25.5706,0.6360,0.8838,53.1056,0.7166,0.00,291,1,0.2814,0.3242,0.9761,1.0000,0.8000,0.7646
pattern-sapphire-0012,pattern,sapphire,387452006,0.7021,0.8146,0.5960,0.8704,44.7473,0.1979,0.8451,99.0227,0.2863,0.00,116,1,0.0000,0.3242,0.9216,1.0000,0.8000,0.7174
pattern-sapphire-0020,pattern,sapphire,476059078,0.3850,0.7699,0.2557,0.8977,47.6148,0.3638,0.4632,95.8936,0.6345,0.00,334,1,0.1339,0.3242,0.9848,1.0000,0.8000,0.7529
pattern-sapphire-0029,pattern,sapphire,812016129,0.0822,0.3786,0.0484,1.5947,45.3781,0.4927,1.3413,117.6181,0.5891,0.00,44,1,0.6544,0.3242,0.4400,0.6897,0.8000,0.5367
pattern-sapphire-0037,pattern,sapphire,900623201,0.7652,0.3338,0.8208,0.9767,11.5565,0.5007,1.1478,73.7915,0.4775,0.00,113,1,0.1758,0.3242,0.9204,1.0000,0.8000,0.7346
pattern-sapphire-0041,pattern,sapphire,59344172,0.0311,0.1774,0.8645,1.1415,39.7972,0.6573,1.2685,111.5887,0.5792,0.00,49,1,0.8437,0.3242,0.4900,0.4029,0.8000,0.5014
pattern-sapphire-0046,pattern,sapphire,236580252,0.4624,0.8299,0.1565,0.9202,47.0798,0.6577,1.3368,107.0512,0.3199,0.00,49,1,0.0308,0.3242,0.4900,0.9590,0.8000,0.5592
pattern-sapphire-0063,pattern,sapphire,210412740,0.1129,0.3762,0.5469,0.8419,15.5176,0.4220,1.1143,83.1582,0.3600,0.00,92,1,0.6332,0.3242,0.9200,0.9086,0.8000,0.7573
pattern-sapphire-0074,pattern,sapphire,896895408,0.5941,0.6185,0.6489,0.8424,11.8816,0.4226,1.0786,41.0576,0.2615,0.00,341,1,0.0905,0.3242,0.9861,1.0000,0.8000,0.7490
pattern-sapphire-0091,pattern,sapphire,870727896,0.2446,0.1648,0.2647,1.1423,27.6499,0.1253,1.0531,97.7191,0.6269,0.00,75,1,0.6929,0.3242,0.7500,0.9040,0.8000,0.7026
pattern-sapphire-0108,pattern,sapphire,295292019,0.6248,0.7288,0.8298,1.3902,17.2296,0.3198,0.9524,64.8260,0.5128,0.00,192,1,0.0000,0.3242,0.9488,1.0000,0.8000,0.7269
pattern-sapphire-0125,pattern,sapphire,269124507,0.2753,0.2751,0.4457,1.8592,13.6358,0.7900,1.3171,87.9806,0.4258,0.00,64,1,0.5873,0.3242,0.6400,0.5194,0.8000,0.5574
pattern-sapphire-0129,pattern,sapphire,427845477,0.5412,0.2313,0.2845,1.1793,40.3959,0.5764,1.1539,115.9541,0.6922,0.00,49,1,0.4207,0.3242,0.4900,0.7385,0.8000,0.5430
pattern-sapphire-0142,pattern,sapphire,693688630,0.6554,0.8390,0.0108,1.9381,12.5156,0.6929,0.9829,93.7834,0.2718,0.00,95,1,0.0000,0.3242,0.9500,1.0000,0.8000,0.7273
pattern-sapphire-0146,pattern,sapphire,852409600,0.9213,0.7953,0.8496,1.4273,29.9756,0.7709,1.0532,72.9195,0.5278,0.00,131,1,0.0000,0.3242,0.9273,1.0000,0.8000,0.7194
pattern-sapphire-0163,pattern,sapphire,826242088,0.5718,0.3416,0.4655,1.8962,26.3818,0.4410,0.3531,97.9159,0.2174,0.00,515,1,0.3150,0.3242,0.9999,1.0000,0.8000,0.7763
pattern-sapphire-0221,pattern,sapphire,176964521,0.1980,0.0765,0.8844,1.5547,6.9607,0.4246,1.4287,36.9477,0.2053,0.00,245,1,0.7941,0.3242,0.9646,0.6445,0.8000,0.7230
pattern-sapphire-0225,pattern,sapphire,335685491,0.4639,0.1454,0.5184,1.6991,12.8782,0.6983,1.1260,30.4814,0.5992,0.00,515,1,0.5430,0.3242,0.9999,1.0000,0.8000,0.7991
pattern-sapphire-0238,pattern,sapphire,150797009,0.8484,0.6228,0.7256,1.2399,17.0442,0.4240,0.9979,51.2632,0.1759,0.00,272,1,0.0000,0.3242,0.9716,1.0000,0.8000,0.7349
pattern-sapphire-0242,pattern,sapphire,309517979,0.1144,0.6917,0.0215,1.4825,21.6203,0.0057,0.6494,50.8666,0.2404,0.00,563,1,0.3954,0.3242,0.9978,1.0000,0.8000,0.7836
pattern-sapphire-0259,pattern,sapphire,734082102,0.4945,0.2557,0.6993,0.9160,43.8641,0.5630,0.4604,63.7192,0.4439,0.00,705,1,0.4373,0.3242,0.9770,1.0000,0.8000,0.7805
pattern-sapphire-0276,pattern,sapphire,707914590,0.1450,0.8020,0.2025,0.5304,31.9595,0.1220,0.8019,64.9689,0.6833,0.00,245,1,0.2898,0.3242,0.9646,0.9543,0.8000,0.7500
pattern-sapphire-0293,pattern,sapphire,132478713,0.5251,0.2533,0.3105,1.3559,38.7319,0.2119,0.7185,88.5306,0.5769,0.00,180,1,0.4162,0.3242,0.9448,0.9518,0.8000,0.7551
pattern-sapphire-0310,pattern,sapphire,106311201,0.1756,0.7996,0.7010,1.6156,28.6578,0.3095,0.7440,44.2908,0.3473,0.00,572,1,0.2686,0.3242,0.9971,1.0000,0.8000,0.7707
pattern-sapphire-0321,pattern,sapphire,792793869,0.6569,0.0419,0.8030,1.1090,17.8250,0.3536,1.0486,43.3832,0.1477,0.00,327,1,0.4759,0.3242,0.9836,1.0000,0.8000,0.7867
pattern-sapphire-0338,pattern,sapphire,217357993,0.0371,0.4932,0.5730,1.0397,35.4442,0.0173,0.6119,61.6298,0.5884,0.00,453,1,0.6023,0.3242,0.9988,1.0000,0.8000,0.8046
pattern-sapphire-0355,pattern,sapphire,191190481,0.6875,0.0395,0.4142,1.5488,12.6928,0.0025,1.1715,32.9012,0.7664,0.00,437,1,0.4547,0.3242,0.9978,1.0000,0.8000,0.7895
pattern-sapphire-0372,pattern,sapphire,615754604,0.0677,0.7161,0.4363,1.0502,9.5125,0.1688,0.6952,83.3419,0.3267,0.00,203,1,0.4121,0.3242,0.9523,0.7641,0.8000,0.7104
pattern-sapphire-0389,pattern,sapphire,589587092,0.7182,0.2624,0.1649,0.8737,49.0882,0.3695,1.4811,58.5550,0.6269,0.00,101,1,0.2645,0.3242,0.9156,1.0000,0.8000,0.7417
pattern-sapphire-0406,pattern,sapphire,14151215,0.0983,0.6028,0.8811,0.9949,35.5946,0.4388,0.8873,90.4902,0.3781,0.00,116,1,0.4741,0.3242,0.9216,0.5931,0.8000,0.6631
pattern-sapphire-0434,pattern,sapphire,674466371,0.2301,0.5023,0.5400,1.4122,9.1113,0.0170,0.3628,70.8152,0.4078,0.00,885,1,0.4507,0.3242,0.9212,1.0000,0.8000,0.7623
pattern-sapphire-0451,pattern,sapphire,648298859,0.8806,0.0486,0.2685,1.0667,28.1198,0.6159,0.9557,59.1793,0.6299,0.00,233,1,0.3031,0.3242,0.9613,1.0000,0.8000,0.7616
pattern-sapphire-0468,pattern,sapphire,72862982,0.2607,0.4999,0.2639,1.2066,7.2193,0.6522,0.8582,115.5099,0.3410,0.00,88,1,0.4295,0.3242,0.8800,0.6574,0.8000,0.6601
pattern-sapphire-0485,pattern,sapphire,497427105,0.6409,0.1766,0.3987,1.2245,46.0032,0.0896,1.3953,107.3855,0.4939,0.00,44,1,0.3869,0.3242,0.4400,0.8025,0.8000,0.5382
pattern-sapphire-0489,pattern,sapphire,205416440,0.1771,0.0024,0.4932,1.0529,32.7420,0.1333,1.2969,90.9715,0.6076,0.00,64,1,0.8653,0.3242,0.6400,0.5701,0.8000,0.5979
social-card-emerald-0004,social-card,emerald,291906863,0.9383,0.3929,0.7775,0.7017,21.6623,0.6567,0.9835,37.5251,0.1544,0.00,1351,1,0.0016,1.0000,0.0000,0.0000,0.8000,0.3804
social-card-emerald-0009,social-card,emerald,469142943,0.3696,0.0454,0.8441,1.0952,39.7005,0.0163,1.4083,84.4698,0.1110,0.00,202,1,0.6888,1.0000,0.9843,0.7290,0.8000,0.8456
social-card-emerald-0013,social-card,emerald,177132278,0.9059,0.7586,0.5942,0.9273,39.2407,0.7349,0.4258,103.4132,0.7913,0.00,1003,1,0.0000,1.0000,0.3283,0.2824,0.8000,0.4857
social-card-emerald-0021,social-card,emerald,265739351,0.5888,0.9392,0.3934,1.1707,18.0686,0.4171,0.9670,69.0019,0.4601,0.00,491,1,0.0000,1.0000,0.5068,1.0000,0.8000,0.6560
social-card-emerald-0030,social-card,emerald,601696401,0.2860,0.5479,0.2988,1.2223,24.1427,0.3880,0.9687,101.3048,0.7202,0.00,280,1,0.3746,1.0000,0.9060,1.0000,0.8000,0.8095
social-card-emerald-0038,social-card,emerald,690303474,0.9690,0.5032,0.9585,1.2496,27.0103,0.5539,0.5868,98.1757,0.3685,0.00,596,1,0.0000,1.0000,0.3127,0.8396,0.8000,0.5948
social-card-emerald-0047,social-card,emerald,575528889,0.9365,0.0942,0.9146,1.5222,39.9110,0.0006,1.1891,44.6337,0.7101,0.00,710,1,0.2270,1.0000,0.8167,0.8748,0.8000,0.7342
social-card-emerald-0064,social-card,emerald,93013,0.3166,0.8358,0.9015,1.9002,45.4211,0.1591,1.1423,38.6410,0.1290,0.00,973,1,0.1357,1.0000,0.3783,0.7328,0.8000,0.6172
social-card-emerald-0081,social-card,emerald,424657106,0.8095,0.7919,0.1169,0.6984,42.2575,0.4036,0.3051,55.4308,0.6608,0.00,4690,1,0.0000,1.0000,0.0000,0.0000,0.8000,0.3800
social-card-emerald-0092,social-card,emerald,660408168,0.4484,0.3341,0.4024,1.5843,23.7416,0.2362,0.6364,98.7604,0.3324,0.00,556,1,0.4131,1.0000,0.3816,1.0000,0.8000,0.7405
social-card-emerald-0109,social-card,emerald,84972292,0.8286,0.6727,0.8281,1.4472,11.7230,0.0568,0.3979,87.6576,0.3409,0.00,1490,1,0.0000,1.0000,0.0000,0.0000,0.8000,0.3800
social-card-emerald-0126,social-card,emerald,58804780,0.4790,0.2190,0.2186,1.1998,39.4521,0.1978,0.8989,66.1698,0.3859,0.00,585,1,0.4765,1.0000,0.3309,1.0000,0.8000,0.7488
social-card-emerald-0143,social-card,emerald,483368903,0.8592,0.0084,0.1485,1.8756,24.8669,0.2109,0.7234,44.4998,0.3334,0.00,1692,1,0.3493,1.0000,0.0000,0.0000,0.8000,0.4673
social-card-emerald-0160,social-card,emerald,457201391,0.5097,0.5547,0.7643,1.1800,34.4375,0.6503,0.8758,117.1009,0.4236,0.00,268,1,0.2017,1.0000,0.9218,1.0000,0.8000,0.7687
social-card-emerald-0188,social-card,emerald,568248178,0.2602,0.5255,0.7466,1.3878,26.3173,0.5246,1.2673,74.9204,0.5846,0.00,308,1,0.4108,1.0000,0.8643,1.0000,0.8000,0.8123
social-card-emerald-0205,social-card,emerald,542080666,0.9107,0.0717,0.3625,1.6877,42.0856,0.1372,1.4877,71.9838,0.3943,0.00,240,1,0.2632,1.0000,0.9538,1.0000,0.8000,0.7889
social-card-emerald-0222,social-card,emerald,966644793,0.4017,0.3585,0.8172,1.1520,46.5718,0.1652,0.8634,108.5925,0.2041,0.00,284,1,0.4298,1.0000,0.9004,1.0000,0.8000,0.8225
social-card-emerald-0239,social-card,emerald,940477281,0.0522,0.9048,0.3204,0.7663,39.7379,0.3589,0.4424,57.6319,0.7362,0.00,2619,1,0.2822,1.0000,0.0000,0.0000,0.8000,0.4506
social-card-emerald-0243,social-card,emerald,549929886,0.0478,0.8787,0.1085,1.3654,9.6007,0.3040,1.2055,39.9767,0.2503,0.00,845,1,0.3051,1.0000,0.5917,1.0000,0.8000,0.7450
social-card-emerald-0256,social-card,emerald,365041404,0.4324,0.4688,0.9982,1.6998,6.9198,0.7723,0.8479,31.6282,0.3306,0.00,2375,1,0.3241,1.0000,0.0000,0.0000,0.8000,0.4610
social-card-emerald-0260,social-card,emerald,523762374,0.6983,0.4250,0.8370,1.1890,14.3178,0.6163,0.8290,75.5515,0.1064,0.00,549,1,0.1575,1.0000,0.3944,1.0000,0.8000,0.6785
social-card-emerald-0277,social-card,emerald,497594862,0.3488,0.9713,0.4529,1.6579,10.7241,0.2864,1.3289,100.5479,0.1949,0.00,176,1,0.0099,1.0000,0.9961,1.0000,0.8000,0.7319
social-card-emerald-0294,social-card,emerald,922158985,0.7289,0.5353,0.0180,1.7368,9.6039,0.1893,0.9948,45.5019,0.5488,0.00,913,1,0.0518,1.0000,0.4783,0.6113,0.8000,0.5870
social-card-emerald-0339,social-card,emerald,556306630,0.5112,0.7575,0.5565,0.5199,10.3230,0.7557,1.3131,61.8121,0.2121,0.00,344,1,0.0485,1.0000,0.8026,1.0000,0.8000,0.7125
social-card-emerald-0352,social-card,emerald,822149779,0.0284,0.1518,0.4294,0.6166,5.3187,0.7367,0.5320,40.8068,0.5233,0.00,3597,1,0.8648,1.0000,0.0000,0.0000,0.8000,0.5962
social-card-emerald-0356,social-card,emerald,980870753,0.8913,0.8708,0.3919,0.5723,21.5485,0.3894,0.9337,119.4666,0.4909,0.00,236,1,0.0000,1.0000,0.9577,1.0000,0.8000,0.7237
social-card-emerald-0373,social-card,emerald,405434876,0.2715,0.8855,0.6867,0.6777,28.2064,0.3182,0.8878,111.1468,0.4461,0.00,275,1,0.1323,1.0000,0.9127,1.0000,0.8000,0.7500
social-card-emerald-0390,social-card,emerald,379267364,0.9220,0.4318,0.3026,1.1467,24.6126,0.0786,0.8713,42.4821,0.5436,0.00,1357,1,0.0000,1.0000,0.0000,0.0000,0.8000,0.3800
social-card-emerald-0407,social-card,emerald,803831487,0.3021,0.9957,0.8677,1.2256,33.5543,0.2155,0.4911,81.7974,0.5812,0.00,1138,1,0.0266,1.0000,0.1033,0.4775,0.8000,0.4976
social-card-emerald-0424,social-card,emerald,777663975,0.9526,0.5420,0.4835,1.6945,29.9606,0.6856,0.9910,106.7938,0.3684,0.00,240,1,0.0000,1.0000,0.9538,1.0000,0.8000,0.7231
social-card-emerald-0435,social-card,emerald,464146643,0.4339,0.6717,0.7903,1.0397,27.8052,0.2566,1.2391,115.0827,0.1966,0.00,163,1,0.1708,1.0000,0.9990,1.0000,0.8000,0.7726
social-card-emerald-0452,social-card,emerald,437979131,0.0844,0.2180,0.2935,1.8160,49.5539,0.7531,1.0944,71.3663,0.4023,0.00,382,1,0.7732,1.0000,0.7301,0.8300,0.8000,0.8488
social-card-emerald-0469,social-card,emerald,862543254,0.4645,0.7819,0.9713,1.5876,33.1532,0.0636,1.3588,69.1115,0.5418,0.00,305,1,0.0652,1.0000,0.8690,1.0000,0.8000,0.7266
social-card-emerald-0486,social-card,emerald,836375742,0.1150,0.3282,0.4745,1.2019,26.3193,0.3475,0.4215,114.6313,0.5123,0.00,862,1,0.6676,1.0000,0.5633,1.0000,0.8000,0.8314
social-card-gold-0006,social-card,gold,100102186,0.5328,0.2853,0.7172,1.1386,35.7055,0.7405,0.7318,52.9564,0.7646,0.00,1242,1,0.3864,1.0000,0.0000,0.4409,0.8000,0.5648
social-card-gold-0007,social-card,gold,473063111,0.1725,0.6547,0.4420,0.7656,10.7064,0.0096,0.6014,37.7078,0.2999,0.00,3215,1,0.3796,1.0000,0.0000,0.0000,0.8000,0.4749
social-card-gold-0014,social-card,gold,737977623,0.4861,0.3355,0.9974,1.6640,11.8007,0.3815,0.9775,109.1650,0.5863,0.00,253,1,0.3838,1.0000,0.9399,1.0000,0.8000,0.8169
social-card-gold-0023,social-card,gold,73934674,0.1833,0.8316,0.1077,1.3984,20.5607,0.3822,0.6708,77.7563,0.6946,0.00,765,1,0.2388,1.0000,0.7250,1.0000,0.8000,0.7485
social-card-gold-0031,social-card,gold,162541747,0.8663,0.7868,0.9928,1.6349,34.9793,0.5766,0.8497,74.8237,0.2001,0.00,500,1,0.0000,1.0000,0.4888,0.9302,0.8000,0.6394
social-card-gold-0035,social-card,gold,870531081,0.4025,0.8380,0.4521,1.6221,40.3221,0.1120,0.3725,43.7869,0.5774,0.00,5138,1,0.0696,1.0000,0.0000,0.0000,0.8000,0.3974
social-card-gold-0040,social-card,gold,498498797,0.5635,0.5082,0.4679,1.7945,6.5336,0.7057,0.5778,85.2095,0.5598,0.00,796,1,0.1962,1.0000,0.6733,0.8918,0.8000,0.7084
social-card-gold-0048,social-card,gold,136374235,0.5168,0.3331,0.6086,0.6039,31.3856,0.1566,0.6659,83.1983,0.7997,0.00,690,1,0.3626,1.0000,0.8500,1.0000,0.8000,0.7981
social-card-gold-0068,social-card,gold,158813953,0.6952,0.0715,0.8209,1.3316,9.6664,0.5310,1.1848,71.3445,0.6854,0.00,364,1,0.4250,1.0000,0.7652,1.0000,0.8000,0.8010
social-card-gold-0085,social-card,gold,132646441,0.3457,0.6178,0.4367,1.9696,31.7106,0.2588,0.8993,75.4084,0.4652,0.00,493,1,0.2774,1.0000,0.5028,1.0000,0.8000,0.7248
social-card-gold-0102,social-card,gold,557210564,0.7259,0.2944,0.5716,0.6565,6.1325,0.4637,0.4935,49.8561,0.7786,0.00,2808,1,0.2348,1.0000,0.0000,0.0000,0.8000,0.4387
social-card-gold-0119,social-card,gold,981774687,0.1060,0.4077,0.2943,1.3543,14.1179,0.7125,0.4938,69.7145,0.6771,0.00,1535,1,0.6147,1.0000,0.0000,0.3488,0.8000,0.6035
social-card-gold-0136,social-card,gold,955607175,0.7565,0.4047,0.7525,1.2044,11.4805,0.3609,0.3652,46.8354,0.4098,0.00,4642,1,0.1291,1.0000,0.0000,0.0000,0.8000,0.4123
social-card-gold-0147,social-card,gold,642089843,0.2378,0.5343,0.9467,1.1949,6.0849,0.5455,1.4430,90.4535,0.6907,0.00,209,1,0.4209,1.0000,0.9799,0.8533,0.8000,0.8029
social-card-gold-0164,social-card,gold,615922331,0.8883,0.0806,0.6752,0.8495,25.0934,0.2543,1.4852,107.1248,0.4900,0.00,157,1,0.2733,1.0000,0.9997,1.0000,0.8000,0.7983
social-card-gold-0181,social-card,gold,40486454,0.2684,0.5319,0.6706,0.9894,49.1929,0.3808,1.0066,41.2117,0.6128,0.00,1103,1,0.3997,1.0000,0.1617,0.7205,0.8000,0.6483
social-card-gold-0198,social-card,gold,14318943,0.9189,0.9673,0.5636,1.6239,24.1109,0.5859,0.5562,105.4764,0.3065,0.00,588,1,0.0000,1.0000,0.3259,0.7131,0.8000,0.5715
social-card-gold-0215,social-card,gold,438883065,0.2991,0.7549,0.4212,1.6453,20.0210,0.3460,0.9879,34.7408,0.2699,0.00,1508,1,0.2095,1.0000,0.0000,0.1076,0.8000,0.4539
social-card-gold-0219,social-card,gold,597604036,0.5650,0.7111,0.2601,1.1344,27.4191,0.1900,0.9690,68.5226,0.6177,0.00,510,1,0.0429,1.0000,0.4689,1.0000,0.8000,0.6611
social-card-gold-0232,social-card,gold,412715554,0.9496,0.3012,0.0371,0.6142,11.3566,0.1801,0.8283,101.4225,0.4397,0.00,344,1,0.0620,1.0000,0.8026,1.0000,0.8000,0.7159
social-card-gold-0236,social-card,gold,571436524,0.2155,0.2574,0.7633,0.7488,20.5852,0.3837,0.5480,107.5620,0.4498,0.00,588,1,0.6454,1.0000,0.3259,1.0000,0.8000,0.7902
social-card-gold-0253,social-card,gold,996000647,0.5956,0.3706,0.7114,1.6558,35.0509,0.2050,0.7544,80.3279,0.3312,0.00,568,1,0.2753,1.0000,0.3602,1.0000,0.8000,0.7029
social-card-gold-0311,social-card,gold,895991444,0.4921,0.6513,0.7058,1.0551,24.9678,0.0012,0.7753,112.4907,0.1522,0.00,314,1,0.1424,1.0000,0.8545,1.0000,0.8000,0.7438
social-card-gold-0315,social-card,gold,505444049,0.4877,0.6252,0.4939,1.6542,44.9013,0.3119,1.0763,44.4673,0.1158,0.00,856,1,0.1653,1.0000,0.5733,0.8298,0.8000,0.6733
social-card-gold-0328,social-card,gold,320555567,0.8723,0.2153,0.2709,0.9650,8.2716,0.0805,1.1804,116.1901,0.3608,0.00,179,1,0.1843,1.0000,0.9951,1.0000,0.8000,0.7753
social-card-gold-0332,social-card,gold,479276537,0.1382,0.1715,0.9971,0.9305,31.7915,0.4806,0.7801,44.2625,0.6780,0.00,1528,1,0.7677,1.0000,0.0000,0.4220,0.8000,0.6563
social-card-gold-0349,social-card,gold,453109025,0.7887,0.7178,0.7256,1.0921,37.7139,0.4523,0.8761,94.4602,0.3715,0.00,350,1,0.0000,1.0000,0.7915,1.0000,0.8000,0.6987
social-card-gold-0366,social-card,gold,877673148,0.1688,0.2818,0.1781,1.8165,38.3447,0.7471,1.3723,113.0556,0.2899,0.00,163,1,0.6620,1.0000,0.9990,0.5814,0.8000,0.8116
social-card-gold-0383,social-card,gold,851505636,0.8193,0.8281,0.9066,1.6400,43.0618,0.2593,0.9958,58.6304,0.7671,0.00,620,1,0.0000,1.0000,0.9667,0.8000,0.8000,0.6850
social-card-gold-0400,social-card,gold,276069760,0.1995,0.3921,0.3590,0.8643,48.7634,0.1198,0.8947,81.5643,0.4159,0.00,420,1,0.5564,1.0000,0.6531,1.0000,0.8000,0.8171
social-card-gold-0411,social-card,gold,511820792,0.9511,0.5040,0.8293,1.4541,37.3127,0.3004,0.5438,91.9158,0.2849,0.00,776,1,0.0000,1.0000,0.7067,0.6277,0.8000,0.6115
social-card-gold-0428,social-card,gold,936384915,0.3312,0.0680,0.3944,1.3640,20.6164,0.3797,1.0841,103.2980,0.7625,0.00,250,1,0.7006,1.0000,0.9432,0.7819,0.8000,0.8530
social-card-gold-0445,social-card,gold,360949039,0.7114,0.6320,0.9595,1.6120,10.1961,0.5742,0.8482,98.9875,0.4350,0.00,346,1,0.0000,1.0000,0.7989,1.0000,0.8000,0.6998
social-card-gold-0462,social-card,gold,334781527,0.3619,0.1783,0.5753,1.9119,25.9644,0.1868,1.2038,57.3268,0.4077,0.00,475,1,0.5949,1.0000,0.5394,1.0000,0.8000,0.8096
social-card-gold-0479,social-card,gold,759345650,0.7420,0.7422,0.1404,0.6598,10.4734,0.5452,0.4437,66.1190,0.5974,0.00,2020,1,0.0000,1.0000,0.0000,0.0000,0.8000,0.3800
social-card-gold-0483,social-card,gold,467334985,0.2783,0.6808,0.0300,0.5390,45.3448,0.5020,0.8042,94.7051,0.4199,0.00,416,1,0.2807,1.0000,0.6613,1.0000,0.8000,0.7494
social-card-gold-0496,social-card,gold,733178138,0.3925,0.2885,0.7563,1.1288,11.9504,0.0515,1.4677,67.8712,0.3075,0.00,267,1,0.4892,1.0000,0.9231,0.9818,0.8000,0.8371
social-card-monochrome-0000,social-card,monochrome,133185863,0.7851,0.8937,0.4410,1.4539,12.6799,0.6525,0.8807,69.8199,0.2309,0.00,560,1,0.0000,1.0000,0.3744,0.8760,0.8000,0.6114
social-card-monochrome-0004,social-card,monochrome,653290748,0.4934,0.4199,0.9763,1.6434,18.3626,0.7363,1.1869,72.1450,0.1338,0.00,330,1,0.3151,1.0000,0.8275,1.0000,0.8000,0.7829
social-card-monochrome-0016,social-card,monochrome,546172976,0.9680,0.7709,0.4348,1.8596,7.1454,0.0418,0.6910,71.3871,0.7864,0.00,813,1,0.0000,1.0000,0.6450,0.4687,0.8000,0.5705
social-card-monochrome-0020,social-card,monochrome,704893946,0.2339,0.7271,0.1610,1.9941,6.2325,0.4831,0.5398,58.3711,0.5220,0.00,1741,1,0.2793,1.0000,0.0000,0.0000,0.8000,0.4498
social-card-monochrome-0028,social-card,monochrome,793501019,0.9168,0.6823,0.9334,1.3761,17.4109,0.0517,0.4255,83.5987,0.1240,0.00,1394,1,0.0000,1.0000,0.0000,0.0000,0.8000,0.3800
social-card-monochrome-0033,social-card,monochrome,970737099,0.3481,0.3348,0.9999,1.9385,36.3700,0.7625,0.4673,77.5520,0.7090,0.00,1394,1,0.4878,1.0000,0.0000,0.3708,0.8000,0.5761
social-card-monochrome-0037,social-card,monochrome,129458069,0.6140,0.1784,0.2690,1.1506,32.3670,0.6070,1.4861,78.8926,0.5316,0.00,226,1,0.4057,1.0000,0.9668,1.0000,0.8000,0.8264
social-card-monochrome-0045,social-card,monochrome,767333507,0.5673,0.2286,0.5492,1.6760,33.1792,0.4643,0.6459,100.9450,0.1321,0.00,485,1,0.4030,1.0000,0.5190,1.0000,0.8000,0.7586
social-card-monochrome-0054,social-card,monochrome,103290557,0.2645,0.7247,0.8849,1.7886,9.4112,0.3347,0.9303,70.4046,0.4960,0.00,506,1,0.2581,1.0000,0.4768,1.0000,0.8000,0.7160
social-card-monochrome-0071,social-card,monochrome,527854680,0.6447,0.4013,0.0197,1.9755,18.7712,0.3957,0.5929,116.2764,0.4541,0.00,478,1,0.2155,1.0000,0.5333,1.0000,0.8000,0.7139
social-card-monochrome-0088,social-card,monochrome,501687168,0.2952,0.9476,0.6356,0.9444,25.2393,0.2999,1.0467,115.2097,0.3161,0.00,208,1,0.0679,1.0000,0.9805,1.0000,0.8000,0.7441
social-card-monochrome-0099,social-card,monochrome,638901471,0.5061,0.0949,0.8917,1.2306,9.9814,0.2800,1.2001,58.6086,0.6717,0.00,453,1,0.5492,1.0000,0.5848,1.0000,0.8000,0.8050
social-card-monochrome-0116,social-card,monochrome,612733959,0.1566,0.6412,0.3948,1.0139,28.7855,0.6215,0.6775,73.0544,0.6819,0.00,797,1,0.4016,1.0000,0.6717,1.0000,0.8000,0.7812
social-card-monochrome-0133,social-card,monochrome,586566447,0.8071,0.1875,0.1234,0.6685,37.6525,0.0383,0.7704,112.7046,0.7430,0.00,342,1,0.2540,1.0000,0.8062,1.0000,0.8000,0.7644
social-card-monochrome-0150,social-card,monochrome,11130571,0.1872,0.5279,0.3959,0.9740,5.4052,0.1917,1.1542,100.4235,0.3135,0.00,211,1,0.4637,1.0000,0.9785,0.8029,0.8000,0.8033
social-card-monochrome-0167,social-card,monochrome,984963058,0.8377,0.7485,0.0340,1.4119,26.4253,0.4212,0.5821,83.3852,0.6499,0.00,814,1,0.0000,1.0000,0.6433,0.5735,0.8000,0.5912
social-card-monochrome-0171,social-card,monochrome,594415664,0.8333,0.2717,0.0924,1.9845,48.6427,0.5793,0.8733,77.3885,0.3364,0.00,485,1,0.1712,1.0000,0.5190,1.0000,0.8000,0.7007
social-card-monochrome-0184,social-card,monochrome,409527182,0.2179,0.8618,0.7567,0.6097,39.4814,0.1454,1.4332,74.7731,0.5843,0.00,258,1,0.1903,1.0000,0.9341,1.0000,0.8000,0.7677
social-card-monochrome-0229,social-card,monochrome,494406461,0.7298,0.1017,0.3572,1.1883,20.2762,0.5423,1.2424,35.6806,0.4592,0.00,986,1,0.3764,1.0000,0.3567,0.6820,0.8000,0.6640
social-card-monochrome-0246,social-card,monochrome,468238949,0.3803,0.6480,0.9731,1.8263,17.6034,0.0538,0.8429,63.7594,0.2995,0.00,679,1,0.2288,1.0000,0.8683,1.0000,0.8000,0.7675
social-card-monochrome-0263,social-card,monochrome,892803072,0.7604,0.2119,0.5382,1.7362,25.6242,0.3494,1.3621,89.8509,0.2337,0.00,200,1,0.2707,1.0000,0.9855,1.0000,0.8000,0.7955
social-card-monochrome-0267,social-card,monochrome,600792407,0.2967,0.1505,0.4278,1.6153,20.4868,0.5266,1.0233,39.5967,0.2554,0.00,1124,1,0.6646,1.0000,0.1267,0.8161,0.8000,0.7284
social-card-monochrome-0280,social-card,monochrome,866635560,0.4109,0.7582,0.1540,0.8741,42.5977,0.4213,0.8550,111.6786,0.6312,0.00,299,1,0.1231,1.0000,0.8783,1.0000,0.8000,0.7425
social-card-monochrome-0284,social-card,monochrome,25356531,0.6768,0.4909,0.7003,1.9208,23.0980,0.2980,1.3107,96.4715,0.1335,0.00,180,1,0.1242,1.0000,0.9948,1.0000,0.8000,0.7603
social-card-monochrome-0301,social-card,monochrome,449920654,0.0570,0.2784,0.4453,1.0876,15.7680,0.6717,1.3699,74.8419,0.5444,0.00,270,1,0.7484,1.0000,0.9193,0.6462,0.8000,0.8342
social-card-monochrome-0318,social-card,monochrome,423753142,0.7075,0.8247,0.1738,0.9111,10.3437,0.0724,0.8206,48.2132,0.7481,0.00,1165,1,0.0000,1.0000,0.0583,0.2039,0.8000,0.4295
social-card-monochrome-0335,social-card,monochrome,848317145,0.5384,0.1184,0.7566,0.7449,32.0174,0.7402,0.3990,79.6308,0.6519,0.00,1732,1,0.5075,1.0000,0.0000,0.0000,0.8000,0.5069
social-card-monochrome-0363,social-card,monochrome,508632421,0.2194,0.0646,0.5489,1.1115,33.8080,0.6209,0.5927,92.5581,0.3679,0.00,668,1,0.7870,1.0000,0.8867,1.0000,0.8000,0.9097
social-card-monochrome-0380,social-card,monochrome,482464909,0.8699,0.6109,0.2775,1.2731,15.0133,0.3763,0.5747,86.9120,0.3158,0.00,777,1,0.0000,1.0000,0.7050,0.6473,0.8000,0.6152
social-card-monochrome-0397,social-card,monochrome,907029032,0.2500,0.1749,0.8426,1.1830,43.3170,0.4556,1.2503,59.5702,0.2564,0.00,420,1,0.6813,1.0000,0.6531,1.0000,0.8000,0.8483
social-card-monochrome-0414,social-card,monochrome,880861520,0.9005,0.7212,0.4584,1.8210,20.3613,0.1834,0.8296,92.2167,0.5228,0.00,419,1,0.0000,1.0000,0.6552,1.0000,0.8000,0.6783
social-card-monochrome-0431,social-card,monochrome,305425643,0.2807,0.2852,0.0235,1.8999,19.2411,0.0863,0.4955,57.4537,0.1010,0.00,2154,1,0.5756,1.0000,0.0000,0.0000,0.8000,0.5239
social-card-monochrome-0448,social-card,monochrome,729989766,0.6608,0.8491,0.5886,1.9788,38.2447,0.4572,1.2693,70.7059,0.4876,0.00,321,1,0.0000,1.0000,0.8429,1.0000,0.8000,0.7064
social-card-monochrome-0459,social-card,monochrome,416472434,0.1421,0.9788,0.7828,1.2933,45.0143,0.6277,1.3411,112.7782,0.1378,0.00,152,1,0.1594,1.0000,1.0000,0.8848,0.8000,0.7468
social-card-monochrome-0476,social-card,monochrome,390304922,0.7926,0.5251,0.5113,1.7930,32.4956,0.4983,0.8172,103.9912,0.4042,0.00,347,1,0.0118,1.0000,0.7971,1.0000,0.8000,0.7025
social-card-monochrome-0493,social-card,monochrome,364137410,0.4431,0.0714,0.1271,0.5929,38.1224,0.5289,0.6729,74.1648,0.7461,0.00,796,1,0.6142,1.0000,0.6733,1.0000,0.8000,0.8345
social-card-sapphire-0000,social-card,sapphire,945301413,0.9571,0.4813,0.0867,1.7642,18.4293,0.1033,1.4393,91.2974,0.7636,0.00,209,1,0.0000,1.0000,0.9799,1.0000,0.8000,0.7270
social-card-sapphire-0007,social-card,sapphire,210215926,0.2708,0.0494,0.9597,1.5310,9.9531,0.6551,0.5482,102.2167,0.2938,0.00,654,1,0.7598,1.0000,0.9100,1.0000,0.8000,0.9065
social-card-sapphire-0011,social-card,sapphire,819668530,0.2664,0.1360,0.3175,0.7381,40.3667,0.2338,1.3624,44.4718,0.4380,0.00,576,1,0.6982,1.0000,0.3463,1.0000,0.8000,0.8065
social-card-sapphire-0024,social-card,sapphire,634780048,0.6509,0.7261,0.0945,1.8869,49.9422,0.5520,0.3579,118.8566,0.7191,0.00,1039,1,0.0000,1.0000,0.2683,0.4408,0.8000,0.5084
social-card-sapphire-0044,social-card,sapphire,657219767,0.8294,0.4645,0.3068,1.2837,13.9317,0.5497,0.5589,39.1328,0.7214,0.00,3464,1,0.0296,1.0000,0.0000,0.0000,0.8000,0.3874
social-card-sapphire-0057,social-card,sapphire,472331285,0.2140,0.0545,0.9711,1.0708,18.1409,0.2906,0.3955,50.8484,0.2322,0.00,4107,1,0.7986,1.0000,0.0000,0.0000,0.8000,0.5797
social-card-sapphire-0061,social-card,sapphire,631052255,0.4799,0.0108,0.9226,1.4172,42.1736,0.2505,0.3415,67.8005,0.5076,0.00,3165,1,0.6320,1.0000,0.0000,0.0000,0.8000,0.5380
social-card-sapphire-0078,social-card,sapphire,55616378,0.8600,0.4620,0.9180,1.7235,8.7995,0.1986,0.8171,63.9442,0.3121,0.00,743,1,0.0084,1.0000,0.7617,0.7530,0.8000,0.6469
social-card-sapphire-0095,social-card,sapphire,29448866,0.5105,0.8974,0.8110,0.8580,28.7175,0.3136,1.0182,83.0045,0.3503,0.00,344,1,0.0000,1.0000,0.8026,1.0000,0.8000,0.7004
social-card-sapphire-0112,social-card,sapphire,454012989,0.8907,0.6850,0.6687,0.8794,24.6276,0.1638,0.9335,98.6078,0.7818,0.00,315,1,0.0000,1.0000,0.8529,1.0000,0.8000,0.7079
social-card-sapphire-0123,social-card,sapphire,689764022,0.6423,0.7969,0.0263,0.6146,44.8749,0.1889,0.8955,47.7074,0.1373,0.00,1006,1,0.0000,1.0000,0.3233,0.4619,0.8000,0.5209
social-card-sapphire-0140,social-card,sapphire,114328145,0.0224,0.2482,0.6853,0.7921,6.8850,0.0020,1.1939,48.9762,0.3826,0.00,594,1,0.7970,1.0000,0.3160,1.0000,0.8000,0.8266
social-card-sapphire-0157,social-card,sapphire,88160633,0.6729,0.7945,0.6375,1.0545,49.8046,0.5169,1.1198,47.6722,0.7968,0.00,708,1,0.0000,1.0000,0.8200,0.8124,0.8000,0.6655
social-card-sapphire-0174,social-card,sapphire,512724756,0.0531,0.4712,0.6596,1.8868,20.9863,0.6257,0.3640,116.5868,0.2760,0.00,1014,1,0.6068,1.0000,0.3100,1.0000,0.8000,0.7782
social-card-sapphire-0191,social-card,sapphire,937288879,0.4332,0.0352,0.3374,1.1513,7.5302,0.0913,1.0064,46.0283,0.3697,0.00,887,1,0.6487,1.0000,0.5217,1.0000,0.8000,0.8204
social-card-sapphire-0195,social-card,sapphire,645278215,0.9695,0.9737,0.2270,1.1995,22.9601,0.6703,0.9958,64.1642,0.2328,0.00,501,1,0.0000,1.0000,0.4868,0.7815,0.8000,0.6093
social-card-sapphire-0208,social-card,sapphire,911121367,0.0837,0.5815,0.8406,0.9346,26.3343,0.4327,0.4837,80.7570,0.6716,0.00,1242,1,0.5011,1.0000,0.0000,0.6667,0.8000,0.6386
social-card-sapphire-0212,social-card,sapphire,69842338,0.3496,0.4250,0.2224,1.1704,21.4216,0.6491,0.7541,63.9792,0.5786,0.00,864,1,0.4190,1.0000,0.5600,0.9984,0.8000,0.7684
social-card-sapphire-0270,social-card,sapphire,969833135,0.2461,0.3677,0.0569,0.6512,24.1026,0.6311,1.0644,70.7920,0.6177,0.00,415,1,0.5397,1.0000,0.6634,1.0000,0.8000,0.8144
social-card-sapphire-0287,social-card,sapphire,394397258,0.6263,0.9316,0.6220,0.7301,38.1150,0.5139,0.5247,90.5242,0.2221,0.00,861,1,0.0000,1.0000,0.5650,0.6047,0.8000,0.5857
social-card-sapphire-0291,social-card,sapphire,553118228,0.8922,0.8879,0.4608,1.7193,45.5131,0.4481,1.1895,50.9278,0.2998,0.00,571,1,0.0000,1.0000,0.3549,0.7842,0.8000,0.5901
social-card-sapphire-0304,social-card,sapphire,368229746,0.2768,0.4779,0.2379,1.1991,29.4505,0.6185,0.4219,101.0407,0.5297,0.00,1023,1,0.4340,1.0000,0.2950,0.8345,0.8000,0.6996
social-card-sapphire-0308,social-card,sapphire,526950716,0.5427,0.4342,0.0767,0.6882,36.8486,0.2822,1.4356,42.0032,0.1922,0.00,564,1,0.2674,1.0000,0.3673,1.0000,0.8000,0.7019
social-card-sapphire-0325,social-card,sapphire,951514839,0.9228,0.9981,0.6418,1.4433,38.6958,0.2693,1.2483,81.6965,0.4826,0.00,266,1,0.0000,1.0000,0.9244,1.0000,0.8000,0.7187
social-card-sapphire-0342,social-card,sapphire,925347327,0.5733,0.5444,0.2577,1.2361,47.2673,0.7253,0.6091,40.0945,0.7838,0.00,2833,1,0.1617,1.0000,0.0000,0.0000,0.8000,0.4204
social-card-sapphire-0359,social-card,sapphire,349911451,0.9535,0.1084,0.8228,1.1460,30.5710,0.0046,1.1494,31.3530,0.1118,0.00,1372,1,0.2036,1.0000,0.0000,0.0293,0.8000,0.4368
social-card-sapphire-0376,social-card,sapphire,323743939,0.6040,0.6547,0.4386,1.7840,7.6152,0.5324,0.5936,42.9888,0.3164,0.00,2590,1,0.0560,1.0000,0.0000,0.0000,0.8000,0.3940
social-card-sapphire-0387,social-card,sapphire,460958242,0.8149,0.8020,0.6947,0.7391,17.9953,0.4799,0.6132,100.2507,0.4668,0.00,574,1,0.0000,1.0000,0.3497,0.8706,0.8000,0.6066
social-card-sapphire-0404,social-card,sapphire,434790730,0.4654,0.3483,0.3105,1.2081,14.4016,0.2402,0.4615,80.4515,0.1318,0.00,1270,1,0.3897,1.0000,0.0000,0.4329,0.8000,0.5640
social-card-sapphire-0421,social-card,sapphire,408623218,0.1159,0.8946,0.8137,0.8224,7.5677,0.4339,1.1053,58.0735,0.5480,0.00,518,1,0.2422,1.0000,0.4532,1.0000,0.8000,0.7085
social-card-sapphire-0438,social-card,sapphire,833187341,0.4960,0.4586,0.4915,1.7559,19.7495,0.0473,0.7164,85.7563,0.3388,0.00,561,1,0.2841,1.0000,0.3726,1.0000,0.8000,0.7069
social-card-sapphire-0455,social-card,sapphire,807019829,0.1465,0.0049,0.9947,0.8659,43.8304,0.5205,1.0259,70.4475,0.3618,0.00,427,1,0.8865,1.0000,0.6386,0.8606,0.8000,0.8695
social-card-sapphire-0472,social-card,sapphire,231583952,0.5267,0.4562,0.1027,0.6958,9.5466,0.6601,0.3151,72.3944,0.6211,0.00,3225,1,0.2629,1.0000,0.0000,0.0000,0.8000,0.4457